#,id,created,deleted,last_updated,uuid_str,name_bn,name_en,created_by_id,updated_by_id,district_id,bbs_code,is_updated,city_corporation_id,weight
1,1,2020-01-28 22:54:29,false,2020-06-03 17:32:31,57f47dde-ba80-45e4-aada-1dac9d7923d4,আমতলী,Amtali,,,1,9,1,,0
2,2,2020-01-28 22:54:29,false,2020-06-03 17:32:32,e49da93e-0d17-4ec9-982f-20051d61bd6e,বামনা,Bamna,,,1,19,1,,0
3,3,2020-01-28 22:54:29,false,2020-06-03 17:32:32,12941f0a-0e51-4dae-af09-9478db2e93c6,বরগুনা সদর,Barguna sadar,,,1,28,1,,0
4,4,2020-01-28 22:54:29,false,2020-06-03 17:32:33,740314b4-f116-4943-a3a5-3cb6ef4fda90,বেতাগী,Betagi,,,1,47,1,,0
5,5,2020-01-28 22:54:29,false,2020-06-03 17:32:34,e4c9143d-111a-4c44-82fd-3f6834a959ae,পাথরঘাটা,Patharghata,,,1,85,1,,0
6,6,2020-01-28 22:54:29,false,2020-06-03 17:32:36,cd11b3fa-a4cc-48d8-a7b2-d8ba21037215,তালতলী,Taltali,,,1,90,1,,0
7,7,2020-01-28 22:54:29,false,2020-06-03 17:32:36,3fd47cb0-02ed-416f-80ee-7280b8614a00,আগৈলঝাড়া,Agailjhara,,,2,2,1,,0
8,8,2020-01-28 22:54:29,false,2020-06-03 17:32:36,71497648-5b97-4d83-9cce-820f4f18f0a5,বাবুগঞ্জ,Babuganj,,,2,3,1,,0
9,9,2020-01-28 22:54:29,false,2020-06-03 17:32:37,d5847a11-1df7-4ef0-8db6-4a7acf28148a,বাকেরগঞ্জ,Bakerganj,,,2,7,1,,0
10,11,2020-01-28 22:54:29,false,2020-06-03 17:32:39,2e65393a-a8d3-4280-97de-38209f68ffad,গৌরনদী,Gaurnadi,,,2,32,1,,0
11,12,2020-01-28 22:54:29,false,2020-06-03 17:32:40,37b251c7-6222-4d8a-ade5-b9afb7d0a515,হিজলা,Hijla,,,2,36,1,,0
12,14,2020-01-28 22:54:29,false,2020-06-03 17:32:41,cf3a8e32-979f-45d7-bcf5-b2440a1c8cd6,মেহেন্দিগঞ্জ,Mehendiganj,,,2,62,1,,0
13,15,2020-01-28 22:54:29,false,2020-06-03 17:32:43,07ecc114-2427-47eb-afa8-3b0649cbb590,মুলাদি,Muladi,,,2,69,1,,0
14,16,2020-01-28 22:54:29,false,2020-06-03 17:32:44,c4c79279-7772-486b-a12a-25cf22230487,উজিরপুর,Ujirpur,,,2,94,1,,0
15,17,2020-01-28 22:54:29,false,2020-06-03 17:32:47,069183bf-d765-4fea-8920-7a1210561ca3,ভোলা সদর,Bhola sadar,,,3,18,1,,0
16,18,2020-01-28 22:54:29,false,2020-06-03 17:32:49,c6682f60-4990-4488-9389-e0a963f814f2,বোরহানউদ্দিন,Borhanuddin,,,3,21,1,,0
17,19,2020-01-28 22:54:30,false,2020-06-03 17:32:52,acb018eb-59d8-4757-8f1b-cd6608880a0f,দৌলতখান,Daulatkhan,,,3,29,1,,0
18,20,2020-01-28 22:54:30,false,2020-06-03 17:32:53,3c984751-c8a7-4a6c-89e7-b08c2a3230b3,লালমোহন,Lalmohan,,,3,54,1,,0
19,21,2020-01-28 22:54:30,false,2020-06-03 17:32:54,53d3ba0b-b06d-4f54-a195-02c430a1ba5d,মনপুরা,Monpura,,,3,65,1,,0
20,22,2020-01-28 22:54:30,false,2020-06-03 17:32:54,72dad50f-beef-4b6b-814d-403e97fcf34c,তজুমদ্দিন,Tazumuddin,,,3,91,1,,0
21,23,2020-01-28 22:54:30,false,2020-06-03 17:32:54,115dc139-579b-4cc0-8663-301c1f6c2636,ঝালকাঠি সদর,Jhalokathi sadar,,,4,40,1,,0
22,24,2020-01-28 22:54:30,false,2020-06-03 17:32:56,ca4c1094-acf4-43ad-8e11-4ec562a01ff4,নলছিটি,Nalchhity,,,4,73,1,,0
23,25,2020-01-28 22:54:30,false,2020-06-03 17:32:56,1ba25f00-137f-4b86-9e97-be2f1f87f8eb,কাঁঠালিয়া,Kanthalia,,,4,43,1,,0
24,26,2020-01-28 22:54:30,false,2020-06-03 17:32:58,0929834e-c00b-489c-9518-033b45cf11cf,বাউফল,Bauphal,,,5,38,1,,0
25,27,2020-01-28 22:54:30,false,2020-06-03 17:32:59,aa28df54-2fbb-4704-9cf5-e847e439bf31,দশমিনা,Dashmina,,,5,52,1,,0
26,28,2020-01-28 22:54:30,false,2020-06-03 17:32:59,ce29037f-83fa-4a5b-a9f3-c24ebc73da7d,দুমকী,Dumki,,,5,55,1,,0
27,29,2020-01-28 22:54:30,false,2020-06-03 17:33:01,10feb067-4152-4d7b-a82f-9460687ddc4e,কলাপাড়া,Kalapara,,,5,66,1,,0
28,30,2020-01-28 22:54:30,false,2020-06-03 17:33:03,1376e386-e30f-431c-bc96-135001a6ce7e,মির্জাগঞ্জ,Mirzaganj,,,5,76,1,,0
29,31,2020-01-28 22:54:30,false,2020-06-03 17:33:04,5b50a9dc-1efd-430f-87a9-9b7ec75ff102,পটুয়াখালী সদর,Patuakhali sadar,,,5,95,1,,0
30,32,2020-01-28 22:54:30,false,2020-06-03 17:33:05,1ea627a8-2991-4259-b247-362444f25f8a,রাংগাবালী,Rangabali,,,5,97,1,,0
31,33,2020-01-28 22:54:30,false,2020-06-03 17:33:05,a0dd4d31-3b28-4be5-8b9e-74fc4db47d12,ভাণ্ডারিয়া,Bhandaria,,,6,14,1,,0
32,34,2020-01-28 22:54:30,false,2020-06-03 17:33:07,1e225bb3-bddc-42ea-bb2f-0eac19701a3d,কাউখালি,Kawkhali,,,6,47,1,,0
33,35,2020-01-28 22:54:30,false,2020-06-03 17:33:07,2f98fb62-add6-43ef-abb8-2fd90e855469,মঠবাড়িয়া,Mathbaria,,,6,58,1,,0
34,36,2020-01-28 22:54:30,false,2020-06-03 17:33:08,f822fa13-9daa-477a-b83c-ad9cd408509a,নাজিরপুর,Nazirpur,,,6,76,1,,0
35,37,2020-01-28 22:54:30,false,2020-06-03 17:33:09,e33c942b-3c0c-4e25-b284-c567c43fc1e9,পিরোজপুর সদর,Pirojpur sadar,,,6,80,1,,0
36,39,2020-01-28 22:54:30,false,2020-06-03 17:33:11,f15ce4e3-eb02-4e38-b29a-0ae1a271f9df,ইন্দুরকানী,Indurkani,,,6,90,1,,0
37,40,2020-01-28 22:54:30,false,2020-06-03 17:33:11,44117902-2c8d-4d22-9d1e-d0fcb47eab26,আলীকদম,Alikadam,,,7,4,1,,0
38,41,2020-01-28 22:54:30,false,2020-06-03 17:33:11,47a92959-bd69-40f0-bd99-028740a14f48,বান্দরবান সদর,Bandarban sadar,,,7,14,1,,0
39,42,2020-01-28 22:54:30,false,2020-06-03 17:33:12,35e6a227-adc2-4034-b8e1-4c48f15e6951,লামা,Lama,,,7,51,1,,0
40,43,2020-01-28 22:54:30,false,2020-06-03 17:33:13,cad64aa2-7569-4eef-9a01-2c5ec5cc89e3,নাইক্ষ্যংছড়ি,Naikkhongchhari,,,7,73,1,,0
41,44,2020-01-28 22:54:30,false,2020-06-03 17:33:14,bc252e2d-73f0-4204-991a-7e10787feeb0,রোয়াংছড়ি,Rowangchhari,,,7,89,1,,0
42,45,2020-01-28 22:54:30,false,2020-06-03 17:33:14,78446cc7-3585-440f-8fd1-9cc9d87b941d,রুমা,Ruma,,,7,91,1,,0
43,46,2020-01-28 22:54:30,false,2020-06-03 17:33:14,529cd25c-2232-4424-a4ea-7f6337efa83a,থানছি,Thanchi,,,7,95,1,,0
44,47,2020-01-28 22:54:30,false,2020-06-03 17:33:14,f9a20eec-1ff8-49c8-8350-ae9fd50147e1,আখাউড়া,Akhaura,,,8,2,1,,0
45,48,2020-01-28 22:54:30,false,2020-06-03 17:33:15,f31a629d-7dd7-4677-8609-c08006751653,বাঞ্ছারামপুর,Banchharampur,,,8,4,1,,0
46,49,2020-01-28 22:54:30,false,2020-06-03 17:33:17,075f59b0-b0f0-493f-9a77-4f596d527a4e,বিজয়নগর,Bijoynagar,,,8,7,1,,0
47,50,2020-01-28 22:54:30,false,2020-06-03 17:33:17,78a292a4-046a-4809-906e-cecc26f9d785,ব্রাহ্মণবাড়িয়া সদর,Brahmanbaria sadar,,,8,13,1,,0
48,51,2020-01-28 22:54:30,false,2020-06-03 17:33:19,8f9424b1-6c63-4fe9-97e8-9f28b8d4dcec,আশুগঞ্জ,Ashuganj,,,8,33,1,,0
49,52,2020-01-28 22:54:30,false,2020-06-03 17:33:20,64fbd668-b4b1-4c9d-a48c-29b0a1ffe221,কসবা,Kasba,,,8,63,1,,0
50,53,2020-01-28 22:54:30,false,2020-06-03 17:33:21,c166ce2d-bdf1-4d3d-af46-f080e46a20ca,নবীনগর,Nabinagar,,,8,85,1,,0
51,54,2020-01-28 22:54:30,false,2020-06-03 17:33:23,d41853d0-1f3b-43b7-b32d-2d53fb6b4150,নাসিরনগর,Nasirnagar,,,8,90,1,,0
52,55,2020-01-28 22:54:30,false,2020-06-03 17:33:23,13a25307-4838-4414-94ed-de33d7d22bf2,সরাইল,Sarail,,,8,94,1,,0
53,56,2020-01-28 22:54:30,false,2020-06-03 17:33:24,1919951b-0f8f-4992-a088-836871e3320d,চাঁদপুর সদর,Chandpur sadar,,,9,22,1,,0
54,57,2020-01-28 22:54:30,false,2020-06-03 17:33:26,bb49be06-b160-4a2b-965d-7174a36fb2db,ফরিদগঞ্জ,Faridganj,,,9,45,1,,0
55,58,2020-01-28 22:54:30,false,2020-06-03 17:33:27,6f907ac0-9f42-46cc-a1d0-20023316820d,হাইমচর,Haimchar,,,9,47,1,,0
56,59,2020-01-28 22:54:30,false,2020-06-03 17:33:28,dd0ef99a-ad86-4646-bd0f-587d37096067,হাজীগঞ্জ,Hajiganj,,,9,49,1,,0
57,60,2020-01-28 22:54:30,false,2020-06-03 17:33:29,a83d3954-fd0b-4b79-b651-6803ff005871,কচুয়া,Kachua,,,9,58,1,,0
58,61,2020-01-28 22:54:30,false,2020-06-03 17:33:31,5a04f220-4076-4030-a142-7524b59c4e40,মতলব দক্ষিণ,Matlab dakkhin,,,9,76,1,,0
59,62,2020-01-28 22:54:30,false,2020-06-03 17:33:32,ab86fc49-1213-49ee-95ba-6ba072721d21,মতলব উত্তর,Matlab uttar,,,9,79,1,,0
60,63,2020-01-28 22:54:30,false,2020-06-03 17:33:33,245a70ea-b7ef-4146-9819-335912e4f3e0,শাহরাস্তি,Shahrasti,,,9,95,1,,0
61,64,2020-01-28 22:54:30,false,2020-06-03 17:33:35,cf62f49d-8939-4135-af09-5ab20091c6d1,আনোয়ারা,Anwara,,,10,4,1,,0
62,65,2020-01-28 22:54:30,false,2020-06-03 17:33:35,f934694c-4e8a-47c0-a338-61057d3f9f53,বাঁশখালী,Banshkhali,,,10,8,1,,0
63,66,2020-01-28 22:54:30,false,2020-06-03 17:33:37,3001db13-c810-450c-9517-a4ecaa43ca4c,বোয়ালখালী,Boalkhali,,,10,12,1,,0
64,67,2020-01-28 22:54:30,false,2020-06-03 17:33:38,b468d695-cc71-48da-ab4e-750d8aac0774,চন্দনাইশ,Chandanaish,,,10,18,1,,0
65,68,2020-01-28 22:54:30,false,2020-06-03 17:33:39,d8722fc5-456d-4126-bbd2-1489bd831468,ফটিকছড়ি,Fatikchhari,,,10,33,1,,0
66,69,2020-01-28 22:54:30,false,2020-06-03 17:33:42,2f9d65b9-70ef-40b7-bb17-01be3b7c2215,হাটহাজারী,Hathazari,,,10,37,1,,0
67,70,2020-01-28 22:54:30,false,2020-06-03 17:33:43,a20d243b-227f-42e3-8de0-abf5307422ff,লোহাগাড়া,Lohagara,,,10,47,1,,0
68,71,2020-01-28 22:54:30,false,2020-06-03 17:33:44,b946970d-593c-4d63-bd4b-de8cc3968565,মীরসরাই,Mirsarai,,,10,53,1,,0
69,72,2020-01-28 22:54:30,false,2020-06-03 17:33:46,d13d7811-56b9-447e-b20d-d9d5d64f7c9e,পটিয়া,Patiya,,,10,61,1,,0
70,73,2020-01-28 22:54:30,false,2020-06-03 17:33:48,b607eb61-46d9-4b10-bf32-6863410456f3,রাঙ্গুনিয়া,Rangunia,,,10,70,1,,0
71,74,2020-01-28 22:54:30,false,2020-06-03 17:33:50,70bdf440-5659-43c2-8be6-82a5858b8b2a,রাউজান,Raozan,,,10,74,1,,0
72,75,2020-01-28 22:54:30,false,2020-06-03 17:33:51,0fd4202a-f279-406b-8597-b82ea53d2db3,সন্দ্বীপ,Sandwip,,,10,78,1,,0
73,76,2020-01-28 22:54:30,false,2020-06-03 17:33:53,316634af-3072-4468-b64b-41d3f95acbd2,সাতকানিয়া,Satkania,,,10,82,1,,0
74,77,2020-01-28 22:54:30,false,2020-06-03 17:33:54,49312bc9-cb6f-47aa-b5b4-786b23bb9c23,সীতাকুন্ড,Sitakunda,,,10,86,1,,0
75,78,2020-01-28 22:54:30,false,2020-06-03 17:33:59,dbf1af48-e8ca-4ba3-9e4b-ee0f883b598f,বরুড়া,Barura,,,11,9,1,,0
76,79,2020-01-28 22:54:30,false,2020-06-03 17:34:00,1aee4c49-11ae-484a-8f05-8acf27fc888c,ব্রাহ্মণপাড়া,Brahmanpara,,,11,15,1,,0
77,80,2020-01-28 22:54:30,false,2020-06-03 17:34:01,1ed764b5-2b6e-49bf-bf9b-7d3c22e4f182,বুড়িচং,Burichang,,,11,18,1,,0
78,81,2020-01-28 22:54:30,false,2020-06-03 17:34:01,e17cc88e-e421-4c4b-84d7-1fb2e2b171d0,চান্দিনা,Chandina,,,11,27,1,,0
79,82,2020-01-28 22:54:30,false,2020-06-03 17:34:03,2387ef82-d4b8-486d-bd9f-8a6e4988b0a4,চৌদ্দগ্রাম,Chauddagram,,,11,31,1,,0
80,84,2020-01-28 22:54:30,false,2020-06-03 17:34:05,343ffc7a-3429-4aac-b9d9-c63c89cf6ee1,দাউদকান্দি,Daudkandi,,,11,36,1,,0
81,85,2020-01-28 22:54:30,false,2020-06-03 17:34:07,a3650b87-1b42-472c-a994-ab229d6768ac,দেবিদ্বার,Debidwar,,,11,40,1,,0
82,86,2020-01-28 22:54:30,false,2020-06-03 17:34:08,53546c34-9cad-43ed-92e4-add070acbc34,হোমনা,Homna,,,11,54,1,,0
83,88,2020-01-28 22:54:30,false,2020-06-03 17:34:10,0e8c7ee6-bf29-403e-94ca-f80f018f07c2,লাকসাম,Laksam,,,11,72,1,,0
84,89,2020-01-28 22:54:30,false,2020-06-03 17:34:11,2351bad6-e8c5-431a-b1ac-0d05bec5aec7,মনোহরগঞ্জ,Manoharganj,,,11,74,1,,0
85,90,2020-01-28 22:54:30,false,2020-06-03 17:34:12,f65a2286-fe70-4aef-860b-d0a226ba3865,মেঘনা,Meghna,,,11,75,1,,0
86,91,2020-01-28 22:54:30,false,2020-06-03 17:34:13,d2eff394-6070-4e7c-b3a3-7be978e2da7f,মুরাদনগর,Muradnagar,,,11,81,1,,0
87,92,2020-01-28 22:54:30,false,2020-06-03 17:34:14,a70ffa50-3ea6-4c0e-b7ec-de092f609c13,নাঙ্গলকোট,Nangalkot,,,11,87,1,,0
88,93,2020-01-28 22:54:30,false,2020-06-03 17:34:15,75d3f1f4-ac85-4d39-84c6-7c8563acc7cc,তিতাস,Titas,,,11,94,1,,0
89,94,2020-01-28 22:54:30,false,2020-06-03 17:34:18,df6df3b4-2764-47ba-aead-cb16451640dd,চকরিয়া,Chakaria,,,12,16,1,,0
90,95,2020-01-28 22:54:30,false,2020-06-03 17:34:20,84638d2a-df1c-4e2b-b6be-1e8a2730f08a,কক্সবাজার সদর,Coxs bazar sadar,,,12,24,1,,0
91,96,2020-01-28 22:54:30,false,2020-06-03 17:34:21,319a4cf0-f2df-4c74-a2b2-bb0d6f7bc02f,কুতুবদিয়া,Kutubdia,,,12,45,1,,0
92,97,2020-01-28 22:54:30,false,2020-06-03 17:34:21,724ecc54-3902-4602-99e3-250d4074b1f5,মহেশখালী,Maheshkhali,,,12,49,1,,0
93,98,2020-01-28 22:54:30,false,2020-06-03 17:34:22,a3aa6208-35d8-4caf-8453-c8947b0891ca,পেকুয়া,Pekua,,,12,56,1,,0
94,99,2020-01-28 22:54:30,false,2020-06-03 17:34:23,fa675e45-7e02-4a3e-8f52-21fcf81cf0b0,রামু,Ramu,,,12,66,1,,0
95,100,2020-01-28 22:54:30,false,2020-06-03 17:34:24,c7be3ede-1432-4989-85a3-32724154db07,টেকনাফ,Teknaf,,,12,90,1,,0
96,101,2020-01-28 22:54:30,false,2020-06-03 17:34:25,a38af5f4-aad3-49c2-b6d1-5f1a0da8ffde,উখিয়া,Ukhia,,,12,94,1,,0
97,102,2020-01-28 22:54:30,false,2020-06-03 17:34:25,88360e59-5778-43b5-b2ca-589e7b859074,ছাগলনাইয়া,Chhagalnaiya,,,13,14,1,,0
98,103,2020-01-28 22:54:30,false,2020-06-03 17:34:26,5e4be083-cc7b-49c0-84a6-bc86a6b30c8a,দাগনভূঞা,Daganbhuiyan,,,13,25,1,,0
99,104,2020-01-28 22:54:30,false,2020-06-03 17:34:27,2ec1fa7f-e93c-4d58-a1ac-f032fa77afb5,ফেনী সদর,Feni sadar,,,13,29,1,,0
100,105,2020-01-28 22:54:30,false,2020-06-03 17:34:29,58110377-3c81-4b73-a20f-bd7f08ce2471,ফুলগাজী,Fulgazi,,,13,41,1,,0
101,106,2020-01-28 22:54:30,false,2020-06-03 17:34:29,c74c004b-533b-495f-a254-6be98df68aea,পরশুরাম,Parashuram,,,13,51,1,,0
102,107,2020-01-28 22:54:30,false,2020-06-03 17:34:30,7881f079-ea3f-4d26-83e8-a9cb2a429e1f,সোনাগাজী,Sonagazi,,,13,94,1,,0
103,108,2020-01-28 22:54:30,false,2020-06-03 17:34:31,6ef45ceb-7154-464d-888f-488def0b4a99,দীঘিনালা,Dighinala,,,14,43,1,,0
104,109,2020-01-28 22:54:30,false,2020-06-03 17:34:33,d4598479-d555-4d6c-b833-d80adc6efc15,মানিকছড়ি,Manikchhari,,,14,67,1,,0
105,110,2020-01-28 22:54:30,false,2020-06-03 17:34:32,44cc502b-299a-4e13-8503-1e9f134af0aa,খাগড়াছড়ি সদর,Khagrachhari sadar,,,14,49,1,,0
106,112,2020-01-28 22:54:30,false,2020-06-03 17:34:33,7bb63fac-0ff7-4e33-9b99-745d5f2910f1,মহালছড়ি,Mahalchhari,,,14,65,1,,0
107,113,2020-01-28 22:54:30,false,2020-06-03 17:34:34,df4d36c8-d6f4-4318-9ddf-0c027169835b,মাটিরাঙ্গা,Matiranga,,,14,70,1,,0
108,114,2020-01-28 22:54:30,false,2020-06-03 17:34:35,69a2a82c-72c0-436d-b10e-5ce87273c8e2,পানছড়ি,Panchhari,,,14,77,1,,0
109,115,2020-01-28 22:54:30,false,2020-06-03 17:34:35,eb76b281-aa9c-431e-9302-f69c255123b5,রামগড়,Ramgarh,,,14,80,1,,0
110,116,2020-01-28 22:54:30,false,2020-06-03 17:34:36,d2a681e0-2848-4e86-bf2f-fe7f742d12b3,কমলনগর,Kamalnagar,,,15,33,1,,0
111,117,2020-01-28 22:54:30,false,2020-06-03 17:34:36,81d5af49-0c15-44aa-9c67-b899fd741354,লক্ষ্মীপুর সদর,Lakshmipur sadar,,,15,43,1,,0
112,118,2020-01-28 22:54:30,false,2020-06-03 17:34:40,a741b7f4-5ccd-47ce-a87a-201065ecf451,রায়পুর,Raipur,,,15,58,1,,0
113,119,2020-01-28 22:54:30,false,2020-06-03 17:34:42,7d219c73-0151-49ba-bc1b-6fbd30780897,রামগঞ্জ,Ramganj,,,15,65,1,,0
114,120,2020-01-28 22:54:30,false,2020-06-03 17:34:43,e8af9877-b4e5-4dca-b8b8-7fe255ac1370,রামগতি,Ramgati,,,15,73,1,,0
115,121,2020-01-28 22:54:30,false,2020-06-03 17:34:44,c02d87e0-e4b7-4c03-8dbf-77c846a9bdf5,বেগমগঞ্জ,Begumganj,,,16,7,1,,0
116,122,2020-01-28 22:54:30,false,2020-06-03 17:34:46,745e1673-8766-4fc6-9df2-9f792651de6c,চাটখিল,Chatkhil,,,16,10,1,,0
117,123,2020-01-28 22:54:30,false,2020-06-03 17:34:47,fff2830a-b02b-40ff-9cdb-0f322b28b79f,কোম্পানিগঞ্জ,Companiganj,,,16,21,1,,0
118,124,2020-01-28 22:54:30,false,2020-06-03 17:34:48,040e9ec3-f948-4bb3-b098-eeb77cf0d55c,হাতিয়া,Hatiya,,,16,36,1,,0
119,125,2020-01-28 22:54:30,false,2020-06-03 17:34:51,1bd59a86-bb18-4e35-ab90-77a67cdf5f54,সেনবাগ,Senbag,,,16,80,1,,0
120,126,2020-01-28 22:54:30,false,2020-06-03 17:34:52,e591787d-3e64-4d77-888b-0e346faff777,সোনাইমুড়ী,Sonaimuri,,,16,83,1,,0
121,127,2020-01-28 22:54:30,false,2020-06-03 17:34:53,ee6c633e-e882-49db-bb4d-0a1f3d904bf4,সুবর্নচর,Subarnachar,,,16,85,1,,0
122,129,2020-01-28 22:54:30,false,2020-06-03 17:34:55,0f88b625-dc84-4ae7-9fe7-2bcae2038b86,বাঘাইছড়ি,Baghaichhari,,,17,7,1,,0
123,130,2020-01-28 22:54:30,false,2020-06-03 17:34:57,6356a2f0-819c-45e7-8543-7e66f6efb57b,বরকল,Barkal,,,17,21,1,,0
124,131,2020-01-28 22:54:31,false,2020-06-03 17:34:57,8a6db6a1-9a3a-4e4a-8564-b43416243e1d,কাউখালী,Kawkhali,,,17,25,1,,0
125,132,2020-01-28 22:54:31,false,2020-06-03 17:34:57,60841aa2-fa29-4869-8ee8-088a949446f1,কাপ্তাই,Kaptai,,,17,36,1,,0
126,133,2020-01-28 22:54:31,false,2020-06-03 17:34:58,b5f289aa-34e3-48fd-aa21-8b98e9c2b30d,জুরাছড়ি,Jurachhari,,,17,47,1,,0
127,134,2020-01-28 22:54:31,false,2020-06-03 17:34:58,f193109f-0b3f-4e5d-bd8b-0c6183dd8cf1,লংগদু,Langadu,,,17,58,1,,0
128,135,2020-01-28 22:54:31,false,2020-06-03 17:34:58,84480474-784c-47b9-85b5-e2d45cdad59d,নানিয়ারচর,Naniarchar,,,17,75,1,,0
129,136,2020-01-28 22:54:31,false,2020-06-03 17:34:59,a3bea7f8-7029-49b5-ac28-8460b2f78c76,রাঙ্গামাটি সদর,Rangamati sadar,,,17,87,1,,0
130,137,2020-01-28 22:54:31,false,2020-06-03 17:34:59,0a236a15-7f94-42d3-b9c4-78c3c5094cb0,রাজস্থলী,Rajasthali,,,17,78,1,,0
131,138,2020-01-28 22:54:31,false,2020-06-03 17:34:57,1ede5426-5bf3-4c32-a387-c79c6fae49bf,বিলাইছড়ি,Belaichhari,,,17,29,1,,0
132,149,2020-01-28 22:54:31,false,2020-06-03 17:35:00,239b6180-d6d2-42bd-9a6c-1a2073884ab4,ধামরাই,Dhamrai,,,18,14,1,,0
133,150,2020-01-28 22:54:31,false,2020-06-03 17:35:01,b5ec93c1-5bb8-42b7-ab5b-e8fbb64ed5ad,দোহার,Dohar,,,18,18,1,,0
134,151,2020-01-28 22:54:31,false,2020-06-03 17:35:03,57a2ea18-60ff-4adc-bd8b-03805f663257,কেরাণীগঞ্জ,Keraniganj,,,18,38,1,,0
135,152,2020-01-28 22:54:31,false,2020-06-03 17:35:03,41bec2d6-eb59-41a0-a76e-d8a1cedcb81a,নবাবগঞ্জ,Nawabganj,,,18,62,1,,0
136,153,2020-01-28 22:54:31,false,2020-06-03 17:35:04,8afb7004-b161-4a10-9437-4178259df4e0,সাভার,Savar,,,18,72,1,,0
137,154,2020-01-28 22:54:31,false,2020-06-03 17:35:38,4627ee70-c7c1-40b5-a4e0-eeddd85e5ae2,আলফাডাঙ্গা,Alfadanga,,,19,3,1,,0
138,155,2020-01-28 22:54:31,false,2020-06-03 17:35:40,2991126a-a2c9-46f4-aaef-79cf1fffb764,ভাংগা,Bhanga,,,19,10,1,,0
139,156,2020-01-28 22:54:31,false,2020-06-03 17:35:41,64794b87-873d-44ce-8956-5b664d412953,বোয়ালমারী,Boalmari,,,19,18,1,,0
140,157,2020-01-28 22:54:31,false,2020-06-03 17:35:43,4aef507f-3f02-4fca-8637-ee945e520970,চর ভদ্রাসন,Char bhadrasan,,,19,21,1,,0
141,158,2020-01-28 22:54:31,false,2020-06-03 17:35:44,eb909050-4ef0-48bc-89fb-aa698df49192,ফরিদপুর সদর,Faridpur sadar,,,19,47,1,,0
142,159,2020-01-28 22:54:31,false,2020-06-03 17:35:47,96b7f8b8-65ee-44b1-9f9d-fb54bd63e455,মধুখালী,Madhukhali,,,19,56,1,,0
143,160,2020-01-28 22:54:31,false,2020-06-03 17:35:49,6e1a4fe5-79e4-4f2a-bccd-e651bc7e2778,নগরকান্দা,Nagarkanda,,,19,62,1,,0
144,161,2020-01-28 22:54:31,false,2020-06-03 17:35:51,178ea314-d054-40a2-aeaf-13663dd15f96,সদরপুর,Sadarpur,,,19,84,1,,0
145,162,2020-01-28 22:54:31,false,2020-06-03 17:35:52,778d7b78-82bd-40ab-a2e4-89dc3020b608,সালথা,Saltha,,,19,90,1,,0
146,163,2020-01-28 22:54:31,false,2020-06-03 17:35:53,bbbc3d5c-bca9-45d7-b523-c640353d91e6,গাজীপুর সদর,Gazipur sadar,,,20,30,1,,0
147,164,2020-01-28 22:54:31,false,2020-06-03 17:35:53,4dcbecf9-2fd6-4a43-ba73-ca8b2b790d6e,কালিয়াকৈর,Kaliakair,,,20,32,1,,0
148,165,2020-01-28 22:54:31,false,2020-06-03 17:35:56,6a8e6fa7-fada-4b44-9e41-e0e1a4e3f2f7,কালীগঞ্জ,Kaliganj,,,20,34,1,,0
149,166,2020-01-28 22:54:31,false,2020-06-03 17:35:57,13d86f0d-f602-487c-b449-5266d3f3554f,কাপাসিয়া,Kapasia,,,20,36,1,,0
150,167,2020-01-28 22:54:31,false,2020-06-03 17:35:58,b9bcdb55-af88-4339-a60d-a66804491a1a,শ্রীপুর,Sreepur,,,20,86,1,,0
151,168,2020-01-28 22:54:31,false,2020-06-03 17:36:08,597d2505-ad72-42a1-80c9-6f1eee599c4c,গোপালগঞ্জ সদর,Gopalganj sadar,,,21,32,1,,0
152,169,2020-01-28 22:54:31,false,2020-06-03 17:36:12,a940a7e7-3944-46ff-b6c9-0a3a8b307392,কাশিয়ানী,Kashiani,,,21,43,1,,0
153,170,2020-01-28 22:54:31,false,2020-06-03 17:36:13,6d2cdc4b-9704-48f5-996a-5079079db921,কোটালীপাড়া,Kotalipara,,,21,51,1,,0
154,171,2020-01-28 22:54:31,false,2020-06-03 17:36:15,cf180393-02f6-45b7-aedf-f89f07f581b5,মুকসুদপুর,Muksudpur,,,21,58,1,,0
155,172,2020-01-28 22:54:31,false,2020-06-03 17:36:17,ad288aa2-5163-406d-ae06-672c446af909,টুঙ্গিপাড়া,Tungipara,,,21,91,1,,0
156,173,2020-01-28 22:54:31,false,2020-06-03 17:40:41,125b220f-ed25-4a04-b3f0-ed5204082b6b,বকশীগঞ্জ,Bakshiganj,,,22,7,1,,0
157,174,2020-01-28 22:54:31,false,2020-06-03 17:40:42,6871321d-d44f-4806-a562-ea6477641081,দেওয়ানগঞ্জ,Dewanganj,,,22,15,1,,0
158,175,2020-01-28 22:54:31,false,2020-06-03 17:40:43,f6fc8af7-4bb9-428a-9df8-2ce4f6844355,ইসলামপুর,Islampur,,,22,29,1,,0
159,176,2020-01-28 22:54:31,false,2020-06-03 17:40:46,ca11f94f-c0c7-4876-b0fe-eb5ef36096db,জামালপুর সদর,Jamalpur sadar,,,22,36,1,,0
160,177,2020-01-28 22:54:31,false,2020-06-03 17:40:49,3d99ec8e-8884-45f4-aa1a-e5efa04b014f,মাদারগঞ্জ,Madarganj,,,22,58,1,,0
161,178,2020-01-28 22:54:31,false,2020-06-03 17:40:52,9fc53287-31a3-48d9-a94a-3ba50265112c,মেলান্দহ,Melandaha,,,22,61,1,,0
162,179,2020-01-28 22:54:31,false,2020-06-03 17:40:53,28a76189-9651-4592-89f7-e7dc15586126,সরিষাবাড়ী,Sarishabari,,,22,85,1,,0
163,180,2020-01-28 22:54:31,false,2020-06-03 17:36:19,2fb4b6da-616d-4dda-b8bb-3bf88102b664,অষ্টগ্রাম,Austagram,,,23,2,1,,0
164,181,2020-01-28 22:54:31,false,2020-06-03 17:36:20,a8767589-5e0d-4358-aeb0-0dc402882a98,বাজিতপুর,Bajitpur,,,23,6,1,,0
165,182,2020-01-28 22:54:31,false,2020-06-03 17:36:22,7db1f571-76b9-4435-a49c-2c5113085b86,ভৈরব,Bhairab,,,23,11,1,,0
166,183,2020-01-28 22:54:31,false,2020-06-03 17:36:24,f5a7ca82-df92-48ca-b686-45a38d331f77,হোসেনপুর,Hossainpur,,,23,27,1,,0
167,184,2020-01-28 22:54:31,false,2020-06-03 17:36:27,4d863817-e1fd-4c56-8b62-2f9e587d4b6c,ইটনা,Itna,,,23,33,1,,0
168,185,2020-01-28 22:54:31,false,2020-06-03 17:36:27,f84036b3-078e-4423-ba30-bbf841aaa768,করিমগঞ্জ,Karimganj,,,23,42,1,,0
169,186,2020-01-28 22:54:31,false,2020-06-03 17:36:29,e17cab55-db42-4b0b-9a74-b79214402d14,কটিয়াদী,Katiadi,,,23,45,1,,0
170,187,2020-01-28 22:54:31,false,2020-06-03 17:36:32,c5c9d8e3-b26c-4c63-a7f1-ff7b7acbc21b,কিশোরগঞ্জ সদর,Kishoreganj sadar,,,23,49,1,,0
171,188,2020-01-28 22:54:31,false,2020-06-03 17:36:33,4428c711-eed1-4ad0-83f9-807491717e9a,কুলিয়ারচর,Kuliarchar,,,23,54,1,,0
172,189,2020-01-28 22:54:31,false,2020-06-03 17:36:35,bdb08508-4a70-42f6-8eb1-0f97a6800bd5,মিঠামইন,Mithamain,,,23,59,1,,0
173,190,2020-01-28 22:54:31,false,2020-06-03 17:36:36,89daa9f2-f535-4384-b2a2-75947c6664fa,নিকলী,Nikli,,,23,76,1,,0
174,191,2020-01-28 22:54:31,false,2020-06-03 17:36:37,7673ec45-f27d-48bb-a6ce-8625889e92d2,পাকুন্দিয়া,Pakundia,,,23,79,1,,0
175,192,2020-01-28 22:54:31,false,2020-06-03 17:36:39,3bbebb91-06c7-4667-979e-018ed4e47980,তাড়াইল,Tarail,,,23,92,1,,0
176,193,2020-01-28 22:54:31,false,2020-06-03 17:36:39,1689e7a2-a984-4902-abff-28f1379dc701,কালকিনি,Kalkini,,,24,40,1,,0
177,194,2020-01-28 22:54:31,false,2020-06-03 17:36:43,c0f054ce-c94e-4558-a8cb-4f5cfe9441de,মাদারীপুর সদর,Madaripur sadar,,,24,54,1,,0
178,195,2020-01-28 22:54:31,false,2020-06-03 17:36:44,cc569dee-03bd-47a6-b92e-d310f0ea1dba,রাজৈর,Rajoir,,,24,80,1,,0
179,196,2020-01-28 22:54:31,false,2020-06-03 17:36:46,820fc12c-3a4c-4c47-b4bc-9098c84d9599,শিবচর,Shibchar,,,24,87,1,,0
180,197,2020-01-28 22:54:31,false,2020-06-03 17:36:49,d9a0e1f3-7053-41d8-997f-c67a7c530217,দৌলতপুর,Daulatpur,,,25,10,1,,0
181,198,2020-01-28 22:54:31,false,2020-06-03 17:36:50,73d150ff-520e-4305-a050-2b68b9ac135a,ঘিওর,Ghior,,,25,22,1,,0
182,199,2020-01-28 22:54:31,false,2020-06-03 17:36:51,588a148f-aa42-4d64-b93f-b4b85daf5a40,হরিরামপুর,Harirampur,,,25,28,1,,0
183,200,2020-01-28 22:54:31,false,2020-06-03 17:36:53,f0f4ad99-66b9-4acb-88ea-7593c56276fa,মানিকগঞ্জ সদর,Manikganj sadar,,,25,46,1,,0
184,201,2020-01-28 22:54:31,false,2020-06-03 17:36:55,5701d8fc-4f88-4982-ae9d-3bc0d62d001e,সাটুরিয়া,Saturia,,,25,70,1,,0
185,202,2020-01-28 22:54:31,false,2020-06-03 17:36:55,5fe7718d-498d-4991-8250-b82961ffae27,শিবালয়,Shibalay,,,25,78,1,,0
186,203,2020-01-28 22:54:31,false,2020-06-03 17:36:56,cdedcb83-4624-4597-ac24-16d18f470a0c,সিংগাইর,Singair,,,25,82,1,,0
187,204,2020-01-28 22:54:31,false,2020-06-03 17:36:59,e6f59829-6619-4d35-9c74-d02cba3f1003,গজারিয়া,Gazaria,,,26,24,1,,0
188,205,2020-01-28 22:54:31,false,2020-06-03 17:36:59,b21222b7-3894-4338-9299-aa17928c37da,লৌহজং,Louhajang,,,26,44,1,,0
189,206,2020-01-28 22:54:31,false,2020-06-03 17:37:00,2019f0cc-2bab-447d-8fea-c98315b565bd,মুন্সীগঞ্জ সদর,Munshiganj sadar,,,26,56,1,,0
190,207,2020-01-28 22:54:31,false,2020-06-03 17:37:03,1fd8eb47-2c3a-4a22-bdec-365e4e146728,সিরাজদিখান,Sirajdikhan,,,26,74,1,,0
191,208,2020-01-28 22:54:31,false,2020-06-03 17:37:05,e9fa32ea-5121-4ee8-897b-e6290be1e7be,শ্রীনগর,Sreenagar,,,26,84,1,,0
192,209,2020-01-28 22:54:31,false,2020-06-03 17:37:06,1d9bab99-8b4b-4f4c-9b63-bf7ef0aecbfe,টংগিবাড়ি,Tongibari,,,26,94,1,,0
193,210,2020-01-28 22:54:31,false,2020-06-03 17:40:55,27e8867a-8abd-4c6e-8962-f6bc76b937c5,ভালুকা,Bhaluka,,,27,13,1,,0
194,211,2020-01-28 22:54:31,false,2020-06-03 17:40:57,b8663f8d-e7c4-4d0b-a7e4-4c6bf23e9de7,ধোবাউড়া,Dhobaura,,,27,16,1,,0
195,212,2020-01-28 22:54:31,false,2020-06-03 17:40:58,eeef3c6f-a66f-4e20-9bd8-97a1a4a3b087,ফুলবাড়িয়া,Fulbaria,,,27,20,1,,0
196,213,2020-01-28 22:54:31,false,2020-06-03 17:41:01,766be905-e09d-45df-87ea-68c8f00d0f55,গফরগাঁও,Gafargaon,,,27,22,1,,0
197,214,2020-01-28 22:54:31,false,2020-06-03 17:41:03,e796c98a-b81c-45ba-be57-753461bbd5cc,গৌরীপুর,Gouripur,,,27,23,1,,0
198,215,2020-01-28 22:54:31,false,2020-06-03 17:41:04,fca515ec-de1f-467d-b370-1d4bd91d3c9f,হালুয়াঘাট,Haluaghat,,,27,24,1,,0
199,216,2020-01-28 22:54:31,false,2020-06-03 17:41:07,b6917fa0-72dd-4374-8fa2-3b665a5baa1e,ঈশ্বরগঞ্জ,Ishwarganj,,,27,31,1,,0
200,217,2020-01-28 22:54:31,false,2020-06-03 17:41:09,fb5249f6-3fcf-4e60-b110-049e77014544,ময়মনসিংহ সদর,Mymensingh sadar,,,27,52,1,,0
201,218,2020-01-28 22:54:31,false,2020-06-03 17:41:13,b9218c62-62a3-4fd7-b8ab-276896e8ef45,মুক্তাগাছা,Muktagachha,,,27,65,1,,0
202,219,2020-01-28 22:54:31,false,2020-06-03 17:41:17,facf9328-9160-49d7-87b8-c4492d46c91d,নান্দাইল,Nandail,,,27,72,1,,0
203,220,2020-01-28 22:54:31,false,2020-06-03 17:41:18,960e9dfd-5c22-4d11-89da-84f5476b763d,ফুলপুর,Fulpur,,,27,81,1,,0
204,221,2020-01-28 22:54:31,false,2020-06-03 17:41:22,2c8c6a29-aed4-4538-8ca0-82537cffce3e,তারাকান্দা,Tarakanda,,,27,88,1,,0
205,222,2020-01-28 22:54:31,false,2020-06-03 17:41:23,b0a15b23-486a-4f55-8adc-c16f231604db,ত্রিশাল,Trishal,,,27,94,1,,0
206,223,2020-01-28 22:54:31,false,2020-06-03 17:37:08,3b9cd252-8a77-4bd9-9d3a-4080a55765e7,আড়াইহাজার,Araihazar,,,28,2,1,,0
207,224,2020-01-28 22:54:31,false,2020-06-03 17:37:12,9f58669b-7fa3-49a6-b5b9-9ef1541aeea6,সোনারগাঁ,Sonargaon,,,28,4,1,,0
208,226,2020-01-28 22:54:31,false,2020-06-03 17:37:16,c413b7ea-9384-4d6f-9345-f5dff90591b3,রূপগঞ্জ,Rupganj,,,28,68,1,,0
209,227,2020-01-28 22:54:31,false,2020-06-03 17:37:22,5eeb2f82-12b5-47f2-bea5-d3ca8da840d4,বেলাব,Belabo,,,29,7,1,,0
210,228,2020-01-28 22:54:31,false,2020-06-03 17:37:22,f98bb8c7-033d-49e4-99c1-410674566192,মনোহরদী,Manohardi,,,29,52,1,,0
211,230,2020-01-28 22:54:31,false,2020-06-03 17:37:29,9a7b2e85-bb89-4d59-9432-e93320dc327b,পলাশ,Palash,,,29,63,1,,0
212,231,2020-01-28 22:54:31,false,2020-06-03 17:37:30,0830e094-a63e-463b-b0e7-f2639a16c41a,রায়পুরা,Raipura,,,29,64,1,,0
213,232,2020-01-28 22:54:31,false,2020-06-03 17:37:34,c18d0bd6-4a71-48ae-956b-546563a5349c,শিবপুর,Shibpur,,,29,76,1,,0
214,233,2020-01-28 22:54:31,false,2020-06-03 17:41:25,ae559f80-cc68-42ec-9d6f-7b4159efbe08,আটপাড়া,Atpara,,,30,4,1,,0
215,234,2020-01-28 22:54:31,false,2020-06-03 17:41:26,984dd97f-3626-4ef4-8026-bafb2d38b193,বারহাট্টা,Barhatta,,,30,9,1,,0
216,235,2020-01-28 22:54:31,false,2020-06-03 17:41:27,e004f33f-c1e0-43bb-9e45-2e997c34be72,দুর্গাপুর,Durgapur,,,30,18,1,,0
217,236,2020-01-28 22:54:31,false,2020-06-03 17:41:29,3b817c8a-c479-45c7-bfbe-e98492563254,খালিয়াজুরী,Khaliajuri,,,30,38,1,,0
218,237,2020-01-28 22:54:31,false,2020-06-03 17:41:29,f685bac5-6c78-4879-9040-83ff571f89c9,কলমাকান্দা,Kalmakanda,,,30,40,1,,0
219,238,2020-01-28 22:54:31,false,2020-06-03 17:41:30,56e8b439-a53c-47ac-9ab8-b71a7bb855ce,কেন্দুয়া,Kendua,,,30,47,1,,0
220,239,2020-01-28 22:54:31,false,2020-06-03 17:41:34,ab613180-bd84-40a1-9cbd-954d73d80d25,মদন,Madan,,,30,56,1,,0
221,240,2020-01-28 22:54:31,false,2020-06-03 17:41:36,230cbb35-c421-4ab4-a2e3-1a8c362ce392,মোহনগঞ্জ,Mohanganj,,,30,63,1,,0
222,242,2020-01-28 22:54:31,false,2020-06-03 17:37:36,58bea2c7-82e7-42ee-b63e-ca94931fb0e6,বালিয়াকান্দি,Baliakandi,,,31,7,1,,0
223,243,2020-01-28 22:54:31,false,2020-06-03 17:37:36,b328586a-65a4-4ad6-aa4d-83bd7f4b30e2,গোয়ালন্দ,Goalanda,,,31,29,1,,0
224,244,2020-01-28 22:54:31,false,2020-06-03 17:37:38,d12490e6-fda0-4518-9b6a-9cd59f989ead,কালুখালী,Kalukhali,,,31,47,1,,0
225,245,2020-01-28 22:54:31,false,2020-06-03 17:37:39,28b77af1-4497-48e4-a64c-e500b01e456f,পাংশা,Pangsha,,,31,73,1,,0
226,246,2020-01-28 22:54:31,false,2020-06-03 17:37:40,e8398536-78b1-4e06-9018-10aeb59430d6,রাজবাড়ী সদর,Rajbari sadar,,,31,76,1,,0
227,247,2020-01-28 22:54:31,false,2020-06-03 17:37:44,077b7aa5-4c68-420e-bf87-9240e294feac,ভেদরগঞ্জ,Bhedarganj,,,32,14,1,,0
228,248,2020-01-28 22:54:31,false,2020-06-03 17:37:45,fd212761-b064-4133-85f6-666dcf8cc780,ডামুড্যা,Damudya,,,32,25,1,,0
229,249,2020-01-28 22:54:31,false,2020-06-03 17:37:47,dc130fee-4f25-4447-a53c-26e929cc77db,গোসাইরহাট,Gosairhat,,,32,36,1,,0
230,250,2020-01-28 22:54:31,false,2020-06-03 17:37:50,7db51836-5b03-4cc3-af07-84d27387ecca,নড়িয়া,Naria,,,32,65,1,,0
231,251,2020-01-28 22:54:31,false,2020-06-03 17:37:51,ce5ce4c0-70e6-4bc2-9761-89f4da3598d2,শরীয়তপুর সদর,Shariatpur sadar,,,32,69,1,,0
232,252,2020-01-28 22:54:31,false,2020-06-03 17:37:55,3050ad48-7b13-445d-80cc-0d02ea3f7154,জাজিরা,Zajira,,,32,94,1,,0
233,253,2020-01-28 22:54:31,false,2020-06-03 17:41:42,e51dae6f-c276-4e44-81b8-585cb47ff43c,ঝিনাইগাতি,Jhenaigati,,,33,37,1,,0
234,254,2020-01-28 22:54:32,false,2020-06-03 17:41:44,7adcd47a-7ea1-48bd-880f-d121b8fb3c4b,নকলা,Nakla,,,33,67,1,,0
235,255,2020-01-28 22:54:32,false,2020-06-03 17:41:45,11242a5e-2e09-4317-ae96-8c1f10027bcb,নালিতাবাড়ী,Nalitabari,,,33,70,1,,0
236,256,2020-01-28 22:54:32,false,2020-06-03 17:41:47,92b637f4-e491-4302-b5ac-693829d5c088,শেরপুর সদর,Sherpur sadar,,,33,88,1,,0
237,257,2020-01-28 22:54:32,false,2020-06-03 17:41:50,3c735b3c-d46d-46f8-8021-dd0f259b8fa9,শ্রীবরদী,Sreebardi,,,33,90,1,,0
238,258,2020-01-28 22:54:32,false,2020-06-03 17:37:56,941d8acc-485d-4392-ba5c-97dc402b0f5e,বাসাইল,Basail,,,34,9,1,,0
239,260,2020-01-28 22:54:32,false,2020-06-03 17:38:01,6b3dded2-5095-45d0-b049-6049e910f70e,দেলদুয়ার,Delduar,,,34,23,1,,0
240,261,2020-01-28 22:54:32,false,2020-06-03 17:38:02,4c72cae9-8e1b-4e80-a56e-c3a9f83c3b57,ধনবাড়ী,Dhanbari,,,34,25,1,,0
241,262,2020-01-28 22:54:32,false,2020-06-03 17:38:04,c523afa6-64e8-45a1-9a50-8ee83a5bb298,ঘাটাইল,Ghatail,,,34,28,1,,0
242,263,2020-01-28 22:54:32,false,2020-06-03 17:38:07,4289b16b-2a9a-4495-8ec8-1165da2165a8,গোপালপুর,Gopalpur,,,34,38,1,,0
243,264,2020-01-28 22:54:32,false,2020-06-03 17:38:08,79dac551-7b5a-43c9-b1b3-1b2344c3360f,কালিহাতি,Kalihati,,,34,47,1,,0
244,265,2020-01-28 22:54:32,false,2020-06-03 17:38:12,33d88e98-ee42-4021-bc04-febfe90084d9,মধুপুর,Madhupur,,,34,57,1,,0
245,266,2020-01-28 22:54:32,false,2020-06-03 17:38:14,5d878405-b740-4a2e-9502-27c53c53e23a,মির্জাপুর,Mirzapur,,,34,66,1,,0
246,267,2020-01-28 22:54:32,false,2020-06-03 17:38:17,9ade3e0e-042a-47f3-b748-5d547a799411,নাগরপুর,Nagarpur,,,34,76,1,,0
247,268,2020-01-28 22:54:32,false,2020-06-03 17:38:18,63dbb479-0138-4e47-bfa2-7cfd38fa251e,সখিপুর,Sakhipur,,,34,85,1,,0
248,269,2020-01-28 22:54:32,false,2020-06-03 17:38:19,62c3b7f9-e5b8-4ad0-8c15-74b65a17f0a4,টাঙ্গাইল সদর,Tangail sadar,,,34,95,1,,0
249,270,2020-01-28 22:54:32,false,2020-06-03 17:38:25,be7d1579-8862-4703-9e26-23cf86fae4e8,চিতলমারী,Chitalmari,,,35,14,1,,0
250,271,2020-01-28 22:54:32,false,2020-06-03 17:38:26,3ec556fd-8d24-41e7-94c1-c5d2bd4a6c9a,ফকিরহাট,Fakirhat,,,35,34,1,,0
251,272,2020-01-28 22:54:32,false,2020-06-03 17:38:27,89b7d7cf-4fb2-4cb6-b74d-927aa15bba06,কচুয়া,Kachua,,,35,38,1,,0
252,273,2020-01-28 22:54:32,false,2020-06-03 17:38:29,584e81b3-28e2-4aee-9a7c-6925df24b25a,মোল্লাহাট,Mollahat,,,35,56,1,,0
253,274,2020-01-28 22:54:32,false,2020-06-03 17:38:29,54ad0952-2b1d-4e1e-9b1c-677a27fdc049,মোংলা,Mongla,,,35,58,1,,0
254,276,2020-01-28 22:54:32,false,2020-06-03 17:38:36,4b939a88-7f38-47a1-8929-456574b8b4e8,রামপাল,Rampal,,,35,73,1,,0
255,277,2020-01-28 22:54:32,false,2020-06-03 17:38:39,3f2ed504-aedb-4b06-9f17-6b1ad142f160,শরণখোলা,Sharankhola,,,35,77,1,,0
256,278,2020-01-28 22:54:32,false,2020-06-03 17:38:40,576ac38d-d81b-4507-98bd-3d28d5e9bc36,আলমডাঙ্গা,Alamdanga,,,36,7,1,,0
257,279,2020-01-28 22:54:32,false,2020-06-03 17:38:45,c2b25293-58a0-48b3-89c5-c4f1226c16a3,চুয়াডাঙ্গা সদর,Chuadanga sadar,,,36,23,1,,0
258,280,2020-01-28 22:54:32,false,2020-06-03 17:38:48,15e8640c-b516-41a5-b0ce-bef6079034a3,দামুড়হুদা,Damurhuda,,,36,31,1,,0
259,281,2020-01-28 22:54:32,false,2020-06-03 17:38:52,32a387f5-c71f-4fec-b039-b4da9f71d0b5,জীবননগর,Jibannagar,,,36,55,1,,0
260,282,2020-01-28 22:54:32,false,2020-06-03 17:38:56,e749151e-5fb6-4c82-8381-663a2b4749a6,অভয়নগর,Abhaynagar,,,37,4,1,,0
261,283,2020-01-28 22:54:32,false,2020-06-03 17:39:00,ab955f68-5e52-4c50-8e8e-6070396b40fb,বাঘারপাড়া,Bagharpara,,,37,9,1,,0
262,284,2020-01-28 22:54:32,false,2020-06-03 17:39:03,c7426366-3df2-41f0-884e-7c730e2822c6,চৌগাছা,Chaugachha,,,37,11,1,,0
263,285,2020-01-28 22:54:32,false,2020-06-03 17:39:07,14346ee0-1a50-46d2-bac5-0ad3c5984c77,ঝিকরগাছা,Jhikargachha,,,37,23,1,,0
264,286,2020-01-28 22:54:32,false,2020-06-03 17:39:12,f4f28897-4bd3-4af9-a23c-428a60bbc03f,কেশবপুর,Keshabpur,,,37,38,1,,0
265,287,2020-01-28 22:54:32,false,2020-06-03 17:39:16,71108856-c063-48f9-ba62-8b4b73ed9b73,যশোর সদর,Jashore sadar,,,37,47,1,,0
266,288,2020-01-28 22:54:32,false,2020-06-03 17:39:21,1195614b-cc06-4275-944a-0cf560b7ef5b,মণিরামপুর,Manirampur,,,37,61,1,,0
267,289,2020-01-28 22:54:32,false,2020-06-03 17:39:27,60420ffd-a591-4dc8-b328-da312b45037f,শার্শা,Sharsha,,,37,90,1,,0
268,291,2020-01-28 22:54:32,false,2020-06-03 17:39:34,7a5106e0-9373-4e20-b7c6-ba52f40ec8bb,ঝিনাইদহ সদর,Jhenaidah sadar,,,38,19,1,,0
269,292,2020-01-28 22:54:32,false,2020-06-03 17:39:38,b84bb1f7-7116-489c-b09b-f9311575a8d8,কালীগঞ্জ,Kaliganj,,,38,33,1,,0
270,293,2020-01-28 22:54:32,false,2020-06-03 17:39:40,f9bf1b2c-364d-46b9-b30d-46c16baa471c,কোটচাঁদপুর,Kotchandpur,,,38,42,1,,0
271,294,2020-01-28 22:54:32,false,2020-06-03 17:39:41,9b78951e-3555-4ba8-b495-4485d703ce71,মহেশপুর,Maheshpur,,,38,71,1,,0
272,295,2020-01-28 22:54:32,false,2020-06-03 17:39:43,01625d82-2e08-4f9a-84f7-cf7e6de7ae89,শৈলকুপা,Shailkupa,,,38,80,1,,0
273,296,2020-01-28 22:54:32,false,2020-06-03 17:39:47,183b1b4f-927c-42d8-b54e-704afcb6f02b,বটিয়াঘাটা,Batiaghata,,,39,12,1,,0
274,297,2020-01-28 22:54:32,false,2020-06-03 17:39:48,cd727135-6bdb-46d5-8188-6e07cd8e8a6d,দাকোপ,Dacope,,,39,17,1,,0
275,298,2020-01-28 22:54:32,false,2020-06-03 17:39:49,dc06b09a-55d1-4ce9-9a4e-4b38df87ade8,ডুমুরিয়া,Dumuria,,,39,30,1,,0
276,299,2020-01-28 22:54:32,false,2020-06-03 17:39:51,a3d96a2b-a07d-40a0-a21b-4d33e3037acf,কয়রা,Koyra,,,39,53,1,,0
277,300,2020-01-28 22:54:32,false,2020-06-03 17:39:52,933e77bd-08c9-4d20-8214-9f84b69a6b07,পাইকগাছা,Paikgachha,,,39,64,1,,0
278,301,2020-01-28 22:54:32,false,2020-06-03 17:39:55,cec7fd53-df86-4f6b-81fc-8ed57e23678f,ফুলতলা,Phultala,,,39,69,1,,0
279,302,2020-01-28 22:54:32,false,2020-06-03 17:39:55,1ba6e686-cb6d-4f2b-aefb-01450a0165ac,রুপসা,Rupsa,,,39,75,1,,0
280,303,2020-01-28 22:54:32,false,2020-06-03 17:39:55,129cd4d8-8155-4b8a-b6a5-94b3cbc8c857,তেরখাদা,Terokhada,,,39,94,1,,0
281,305,2020-01-28 22:54:32,false,2020-06-03 17:40:00,20474ffa-d414-4d0d-b1d3-76e4b24b9870,ভেড়ামারা,Bheramara,,,40,15,1,,0
282,306,2020-01-28 22:54:32,false,2020-06-03 17:40:02,36f9f918-467c-4b6b-adae-433115f13ef2,দৌলতপুর,Daulatpur,,,40,39,1,,0
283,307,2020-01-28 22:54:32,false,2020-06-03 17:40:03,98f33ff5-c7f4-4c69-abd9-05649da89679,খোকসা,Khoksa,,,40,63,1,,0
284,308,2020-01-28 22:54:32,false,2020-06-03 17:40:05,c7aa65d7-af1b-425d-a2bd-7ee810ecfb53,কুমারখালী,Kumarkhali,,,40,71,1,,0
285,309,2020-01-28 22:54:32,false,2020-06-03 17:40:09,b39cf5b0-c4dc-4694-8736-8552c94ede27,কুষ্টিয়া সদর,Kushtia sadar,,,40,79,1,,0
286,310,2020-01-28 22:54:32,false,2020-06-03 17:40:12,ad1b24cb-9e3a-4382-a70b-9e307ae31cd6,মিরপুর,Mirpur,,,40,94,1,,0
287,311,2020-01-28 22:54:32,false,2020-06-03 17:40:15,9f86c4f1-8f50-4451-99cf-d7d832dce330,মাগুরা সদর,Magura sadar,,,41,57,1,,0
288,312,2020-01-28 22:54:32,false,2020-06-03 17:40:18,4fadc0d4-b251-4078-a0ac-4374b57b32fb,মহম্মদপুর,Mohammadpur,,,41,66,1,,0
289,313,2020-01-28 22:54:32,false,2020-06-03 17:40:19,a6e743a3-111e-4161-bddc-3c29465acbec,শালিখা,Shalikha,,,41,85,1,,0
290,314,2020-01-28 22:54:32,false,2020-06-03 17:40:20,a08002b6-d7aa-4818-8c5e-5ef9f0b97c8c,শ্রীপুর,Sreepur,,,41,95,1,,0
291,315,2020-01-28 22:54:32,false,2020-06-03 17:40:20,514e00a3-2d84-43c0-a7c0-750e30f02897,গাংনী,Gangni,,,42,47,1,,0
292,316,2020-01-28 22:54:32,false,2020-06-03 17:40:22,01bb78b2-df91-467a-967e-0297fec4cd5a,মুজিবনগর,Mujibnagar,,,42,60,1,,0
293,317,2020-01-28 22:54:32,false,2020-06-03 17:40:22,8505fe25-10b0-44fb-bb79-1291c2a22afa,মেহেরপুর সদর,Meherpur sadar,,,42,87,1,,0
294,318,2020-01-28 22:54:32,false,2020-06-03 17:40:24,770bd72b-7e20-4d76-a23e-e4d52b7b4164,কালিয়া,Kalia,,,43,28,1,,0
295,319,2020-01-28 22:54:32,false,2020-06-03 17:40:26,27b6fc8b-d348-403a-bf5e-7ec1a4b8b2c9,লোহাগড়া,Lohagara,,,43,52,1,,0
296,320,2020-01-28 22:54:32,false,2020-06-03 17:40:28,26127f52-1175-4f67-a7ff-ac0b9643c1c2,নড়াইল সদর,Narail sadar,,,43,76,1,,0
297,321,2020-01-28 22:54:32,false,2020-06-03 17:40:31,945edfdf-d58b-4e3b-8ec2-e317f10a66d4,আশাশুনি,Ashashuni,,,44,4,1,,0
298,322,2020-01-28 22:54:32,false,2020-06-03 17:40:32,10d68246-ae35-4483-941b-d67dbb8a970c,দেবহাটা,Debhata,,,44,25,1,,0
299,323,2020-01-28 22:54:32,false,2020-06-03 17:40:32,f2e513e5-2b46-4549-80e8-eef0e3d8544a,কলারোয়া,Kalaroa,,,44,43,1,,0
300,324,2020-01-28 22:54:32,false,2020-06-03 17:40:34,e762c8b3-9f77-417d-ab69-9062d9e2f60e,কালিগঞ্জ,Kaliganj,,,44,47,1,,0
301,325,2020-01-28 22:54:32,false,2020-06-03 17:40:35,ab6af1a7-b3fd-49c5-acfb-d3c502b918eb,সাতক্ষীরা সদর,Satkhira sadar,,,44,82,1,,0
302,326,2020-01-28 22:54:32,false,2020-06-03 17:40:37,1a398fc8-59f0-48c6-9548-9a169f90c556,শ্যামনগর,Shyamnagar,,,44,86,1,,0
303,327,2020-01-28 22:54:32,false,2020-06-03 17:40:40,18053c12-3afd-4bb2-b275-d1f87c15591b,তালা,Tala,,,44,90,1,,0
304,328,2020-01-28 22:54:32,false,2020-06-03 17:41:55,31f98a64-848b-4a31-b761-0f0ac37d933f,আদমদীঘি,Adamdighi,,,45,6,1,,0
305,330,2020-01-28 22:54:32,false,2020-06-03 17:42:00,41cc2bbc-b51a-4862-8f3a-23c6c2501c70,ধুনট,Dhunat,,,45,27,1,,0
306,331,2020-01-28 22:54:32,false,2020-06-03 17:42:02,36c072ce-9cd5-4b1f-9d72-2339998fad16,দুপচাচিয়া,Dupchachia,,,45,33,1,,0
307,332,2020-01-28 22:54:32,false,2020-06-03 17:42:06,1fc3850f-a37f-4079-adde-64ad250d1dfd,গাবতলি,Gabtali,,,45,40,1,,0
308,333,2020-01-28 22:54:32,false,2020-06-03 17:42:08,a1e0dcde-0755-414a-8fcf-700759d384b4,কাহালু,Kahaloo,,,45,54,1,,0
309,334,2020-01-28 22:54:32,false,2020-06-03 17:42:12,cad47e33-acb9-448e-b060-5a77fa537f63,নন্দিগ্রাম,Nandigram,,,45,67,1,,0
310,335,2020-01-28 22:54:32,false,2020-06-03 17:42:13,9da14b9f-f4d2-4417-bb0a-c5d071b4d45f,সারিয়াকান্দি,Sariakandi,,,45,81,1,,0
311,336,2020-01-28 22:54:32,false,2020-06-03 17:42:15,57a53778-bc58-4fa8-8d9e-bab100c647e5,শাজাহানপুর,Shajahanpur,,,45,85,1,,0
312,337,2020-01-28 22:54:32,false,2020-06-03 17:42:17,ac447561-e9f6-43b0-adaa-5471c0b271fe,শেরপুর,Sherpur,,,45,88,1,,0
313,338,2020-01-28 22:54:32,false,2020-06-03 17:42:19,150b13ed-cce6-4534-831c-2042aa596ae8,শিবগঞ্জ,Shibganj,,,45,94,1,,0
314,339,2020-01-28 22:54:32,false,2020-06-03 17:42:23,9afca139-6d58-45fe-8ac0-1b75a3d69182,সোনাতলা,Sonatala,,,45,95,1,,0
315,340,2020-01-28 22:54:32,false,2020-06-03 17:42:24,c21f267c-a5de-4b6f-b270-9e3bd1631969,আক্কেলপুর,Akkelpur,,,46,13,1,,0
316,341,2020-01-28 22:54:32,false,2020-06-03 17:42:26,c7ead37c-65ce-4726-818e-be56f5b6dda4,জয়পুরহাট সদর,Joypurhat sadar,,,46,47,1,,0
317,342,2020-01-28 22:54:32,false,2020-06-03 17:42:29,1d074c18-da28-44c9-b530-7a6bcd580174,কালাই,Kalai,,,46,58,1,,0
318,343,2020-01-28 22:54:32,false,2020-06-03 17:42:34,405673e7-fee0-4b83-92e5-3d040b27ad74,আত্রাই,Atrai,,,47,3,1,,0
319,344,2020-01-28 22:54:32,false,2020-06-03 17:42:36,d3498f17-f98e-4938-85e7-10d21e9d3c9a,ধামইরহাট,Dhamoirhat,,,47,28,1,,0
320,345,2020-01-28 22:54:32,false,2020-06-03 17:42:39,4abccf01-00ff-4b36-9472-7d160a94c519,মান্দা,Manda,,,47,47,1,,0
321,346,2020-01-28 22:54:32,false,2020-06-03 17:42:40,861fe3b9-5e89-48c6-a4df-7b5e7b474af8,মহাদেবপুর,Mahadebpur,,,47,50,1,,0
322,347,2020-01-28 22:54:32,false,2020-06-03 17:42:41,47d9268a-052a-4a42-b079-f4be0ba53743,নওগাঁ সদর,Naogaon sadar,,,47,60,1,,0
323,348,2020-01-28 22:54:32,false,2020-06-03 17:42:45,44108e85-79c8-46d9-8a76-ba4c80f5e15b,নিয়ামতপুর,Niamatpur,,,47,69,1,,0
324,349,2020-01-28 22:54:32,false,2020-06-03 17:42:45,0e10f1cb-3810-4f75-9a2b-46e91c88d8ce,পত্নীতলা,Patnitala,,,47,75,1,,0
325,350,2020-01-28 22:54:32,false,2020-06-03 17:42:48,7b0bdd83-ce21-484f-aeab-014330e492ed,রানীনগর,Raninagar,,,47,85,1,,0
326,351,2020-01-28 22:54:32,false,2020-06-03 17:42:51,5e966342-8728-494a-83cf-0b282453e153,সাপাহার,Sapahar,,,47,86,1,,0
327,352,2020-01-28 22:54:32,false,2020-06-03 17:42:35,59be2721-3ce1-4407-8276-18cb6bf1f283,বদলগাছী,Badalgachhi,,,47,6,1,,0
328,353,2020-01-28 22:54:32,false,2020-06-03 17:42:48,e7820dc1-9203-484f-a00f-f3210fad80f9,পোরশা,Porsha,,,47,79,1,,0
329,354,2020-01-28 22:54:32,false,2020-06-03 17:42:51,85f90efa-ae4d-4132-86a6-03b6bcde668e,বাগাতিপাড়া,Bagatipara,,,48,9,1,,0
330,355,2020-01-28 22:54:32,false,2020-06-03 17:42:52,7add5d71-0056-4499-99b7-e2fbdd4cd15d,বড়াইগ্রাম,Baraigram,,,48,15,1,,0
331,356,2020-01-28 22:54:32,false,2020-06-03 17:42:57,cfe8f564-37bc-4524-9968-8ea9d3568225,গুরুদাসপুর,Gurudaspur,,,48,41,1,,0
332,357,2020-01-28 22:54:32,false,2020-06-03 17:42:58,6206783a-9c62-46d1-93b5-3a591979d126,লালপুর,Lalpur,,,48,44,1,,0
333,358,2020-01-28 22:54:32,false,2020-06-03 17:43:03,26a0e0f3-8a1c-478a-b174-c42a791c920b,নাটোর সদর,Natore sadar,,,48,63,1,,0
334,359,2020-01-28 22:54:32,false,2020-06-03 17:43:05,b5da2150-635b-4f91-a21e-68c1dbccc541,সিংড়া,Singra,,,48,91,1,,0
335,360,2020-01-28 22:54:32,false,2020-06-03 17:43:08,a55be8ae-a950-48ab-812e-2a2652199f7a,ভোলাহাট,Bholahat,,,49,18,1,,0
336,361,2020-01-28 22:54:32,false,2020-06-03 17:43:09,36457169-8a2d-48a1-8af0-8193de0269c6,গোমস্তাপুর,Gomastapur,,,49,37,1,,0
337,362,2020-01-28 22:54:32,false,2020-06-03 17:43:12,cc91ec20-1cce-42c8-95be-ceffd1176b6e,নাচোল,Nachole,,,49,56,1,,0
338,364,2020-01-28 22:54:32,false,2020-06-03 17:43:16,606a1d06-e316-44f7-8f8a-6199fc857f08,শিবগঞ্জ,Shibganj,,,49,88,1,,0
339,365,2020-01-28 22:54:32,false,2020-06-03 17:43:19,702979d0-6d99-454d-8e1a-5f3fc5ce3ca1,আটঘরিয়া,Atgharia,,,50,5,1,,0
340,366,2020-01-28 22:54:32,false,2020-06-03 17:43:20,1eea52f4-0015-43bb-8150-999b3c4c0af6,বেড়া,Bera,,,50,16,1,,0
341,367,2020-01-28 22:54:32,false,2020-06-03 17:43:22,6a4c35c9-be7a-4310-a0da-865125605013,ভাঙ্গুড়া,Bhangura,,,50,19,1,,0
342,368,2020-01-28 22:54:32,false,2020-06-03 17:43:23,23b7da07-16fc-4b6f-961f-3281a7613931,চাটমোহর,Chatmohar,,,50,22,1,,0
343,369,2020-01-28 22:54:32,false,2020-06-03 17:43:24,3c0fdb28-59ed-4ef8-a623-ebb0f46f93c0,ফরিদপুর,Faridpur,,,50,33,1,,0
344,370,2020-01-28 22:54:32,false,2020-06-03 17:43:25,d9473e69-05fc-4260-8739-cea7b3da2b67,ঈশ্বরদী,Ishwardi,,,50,39,1,,0
345,371,2020-01-28 22:54:32,false,2020-06-03 17:43:26,ae750ae1-8ba9-4da5-9150-bf0349578d7e,পাবনা সদর,Pabna sadar,,,50,55,1,,0
346,372,2020-01-28 22:54:32,false,2020-06-03 17:43:28,f77354c1-d239-41ee-9f73-c94c9c1b3cc3,সাঁথিয়া,Santhia,,,50,72,1,,0
347,373,2020-01-28 22:54:32,false,2020-06-03 17:43:30,3f85c535-36ed-485e-b14f-4122e10cfd0e,সুজানগর,Sujanagar,,,50,83,1,,0
348,374,2020-01-28 22:54:32,false,2020-06-03 17:43:31,18718982-2ad5-4395-8741-50cbaf3a8a54,বাঘা,Bagha,,,51,10,1,,0
349,375,2020-01-28 22:54:32,false,2020-06-03 17:43:33,3c72cb97-10e5-4235-97ca-77a87d9a0adc,বাগমারা,Bagmara,,,51,12,1,,0
350,376,2020-01-28 22:54:32,false,2020-06-03 17:43:36,5a804522-21f0-4553-bfcc-fbd0102f1579,চারঘাট,Charghat,,,51,25,1,,0
351,377,2020-01-28 22:54:32,false,2020-06-03 17:43:37,fd6290f1-9817-47e8-b2bd-882e204a0099,দুর্গাপুর,Durgapur,,,51,31,1,,0
352,378,2020-01-28 22:54:32,false,2020-06-03 17:43:38,2149f73e-2a7e-4cd6-88f5-2bc3758bfde0,গোদাগাড়ী,Godagari,,,51,34,1,,0
353,379,2020-01-28 22:54:32,false,2020-06-03 17:43:40,e5fc7af1-6ff3-49b0-9b29-2f5cedc6e870,মোহনপুর,Mohanpur,,,51,53,1,,0
354,380,2020-01-28 22:54:32,false,2020-06-03 17:43:42,ec140698-9299-4a78-acbc-7af27e3cad4b,পবা,Paba,,,51,72,1,,0
355,381,2020-01-28 22:54:32,false,2020-06-03 17:43:45,74b25020-6496-4698-9e13-919747e2c828,পুঠিয়া,Puthia,,,51,82,1,,0
356,382,2020-01-28 22:54:32,false,2020-06-03 17:43:46,e16f0038-071a-4c8c-b332-dc290b972f33,তানোর,Tanore,,,51,94,1,,0
357,383,2020-01-28 22:54:32,false,2020-06-03 17:43:51,d3364e01-7a52-464d-848c-19c27eeac252,বেলকুচি,Belkuchi,,,52,11,1,,0
358,385,2020-01-28 22:54:33,false,2020-06-03 17:43:52,37485c75-761c-462e-bf90-a055d858209c,কামারখন্দ,Kamarkhanda,,,52,44,1,,0
359,386,2020-01-28 22:54:33,false,2020-06-03 17:43:53,5b26f9fc-3df1-4e67-87e9-c84b4cdf401d,কাজিপুর,Kazipur,,,52,50,1,,0
360,388,2020-01-28 22:54:33,false,2020-06-03 17:43:55,287b5643-d0c9-41e9-9fb5-4229054f79d2,শাহজাদপুর,Shahjadpur,,,52,67,1,,0
361,389,2020-01-28 22:54:33,false,2020-06-03 17:43:57,202d21a1-15a9-46e5-8786-777d36750400,সিরাজগঞ্জ সদর,Sirajganj sadar,,,52,78,1,,0
362,390,2020-01-28 22:54:33,false,2020-06-03 17:43:59,b5e8e55f-5f9e-419a-84b6-eea6d322d01e,তাড়াশ,Tarash,,,52,89,1,,0
363,392,2020-01-28 22:54:33,false,2020-06-03 17:44:01,fe4d6b92-49c5-4c2f-8918-93c65877a19b,বিরামপুর,Birampur,,,53,10,1,,0
364,393,2020-01-28 22:54:33,false,2020-06-03 17:44:03,68ed26a4-5f8c-42b3-8232-25ebe51ecdb7,বীরগঞ্জ,Birganj,,,53,12,1,,0
365,394,2020-01-28 22:54:33,false,2020-06-03 17:44:04,b20006c9-8e01-4373-9a5e-7ad746d7325b,বিরল,Birol,,,53,17,1,,0
366,395,2020-01-28 22:54:33,false,2020-06-03 17:44:06,ea622cb9-07fe-40c5-a053-8f3de2cab504,বোচাগঞ্জ,Bochaganj,,,53,21,1,,0
367,396,2020-01-28 22:54:33,false,2020-06-03 17:44:07,10422d2c-2ae1-4024-9d82-8a5ee4707712,চিরিরবন্দর,Chirirbandar,,,53,30,1,,0
368,397,2020-01-28 22:54:33,false,2020-06-03 17:44:08,95c12318-c6f2-4c14-b237-bb3e8bfc4c84,ফুলবাড়ী,Fulbari,,,53,38,1,,0
369,398,2020-01-28 22:54:33,false,2020-06-03 17:44:09,c0ab08f7-82bc-4533-b432-975c12b50404,ঘোড়াঘাট,Ghoraghat,,,53,43,1,,0
370,399,2020-01-28 22:54:33,false,2020-06-03 17:44:10,a4478732-8c16-48b7-ac9b-e6470bd180db,হাকিমপুর,Hakimpur,,,53,47,1,,0
371,400,2020-01-28 22:54:33,false,2020-06-03 17:44:11,e9f5426d-4f78-4992-9cc5-032ef2ae158b,কাহারোল,Kaharole,,,53,56,1,,0
372,401,2020-01-28 22:54:33,false,2020-06-03 17:44:11,cb057b6b-901e-4a93-bab7-b49b8248ed3b,খানসামা,Khansama,,,53,60,1,,0
373,402,2020-01-28 22:54:33,false,2020-06-03 17:44:13,0d9dce50-d99c-4b49-b351-df2577a85a85,নবাবগঞ্জ,Nababganj,,,53,69,1,,0
374,403,2020-01-28 22:54:33,false,2020-06-03 17:44:13,c29e9d63-72dd-4699-9658-5dac64c8f9d7,পার্বতীপুর,Parbatipur,,,53,77,1,,0
375,404,2020-01-28 22:54:33,false,2020-06-03 17:44:11,3807b731-3f19-4f75-91e9-a4dacfec7192,দিনাজপুর সদর,Dinajpur sadar,,,53,64,1,,0
376,405,2020-01-28 22:54:33,false,2020-06-03 17:44:15,b13a5811-f7f9-4718-8ecd-32345da2e256,ফুলছড়ি,Fulchhari,,,54,21,1,,0
377,406,2020-01-28 22:54:33,false,2020-06-03 17:44:15,db76d2a5-e367-480c-9913-6788ee1d6c66,গাইবান্ধা সদর,Gaibandha sadar,,,54,24,1,,0
378,407,2020-01-28 22:54:33,false,2020-06-03 17:44:17,c8046cf7-eee7-4a4e-9f9d-20c29ea92af5,গোবিন্দগঞ্জ,Gobindaganj,,,54,30,1,,0
379,408,2020-01-28 22:54:33,false,2020-06-03 17:44:18,e66f5360-dd90-4fdd-9e05-ddbb1b96006b,পলাশবাড়ি,Palashbari,,,54,67,1,,0
380,409,2020-01-28 22:54:33,false,2020-06-03 17:44:19,84ff51b4-eabc-4e8d-8c35-23423737e536,সাদুল্লাপুর,Sadullapur,,,54,82,1,,0
381,410,2020-01-28 22:54:33,false,2020-06-03 17:44:20,80123043-cc94-40c3-a1a0-06812d9534b6,সাঘাটা,Saghata,,,54,88,1,,0
382,411,2020-01-28 22:54:33,false,2020-06-03 17:44:20,cb089e93-0136-4f6f-b212-067648dc50ec,সুন্দরগঞ্জ,Sundarganj,,,54,91,1,,0
383,412,2020-01-28 22:54:33,false,2020-06-03 17:44:22,6f19e600-4726-438f-9968-3cdeb6e67aa6,ভুরুঙ্গামারী,Bhurungamari,,,55,6,1,,0
384,413,2020-01-28 22:54:33,false,2020-06-03 17:44:22,91217e86-196b-407c-a13b-b65a0c07556c,রাজিবপুর,Rajibpur,,,55,8,1,,0
385,414,2020-01-28 22:54:33,false,2020-06-03 17:44:22,5611b999-8a63-4b59-9fd1-e8a0e00d8eb8,চিলমারী,Chilmari,,,55,9,1,,0
386,415,2020-01-28 22:54:33,false,2020-06-03 17:44:23,ad41e385-f46e-4e9a-a5dd-0312b904c957,ফুলবাড়ী,Phulbari,,,55,18,1,,0
387,416,2020-01-28 22:54:33,false,2020-06-03 17:44:23,b31cbd6f-bb30-4b7d-8177-d287daa0e20b,কুড়িগ্রাম সদর,Kurigram sadar,,,55,52,1,,0
388,417,2020-01-28 22:54:33,false,2020-06-03 17:44:24,a25dbea5-1acb-477a-aa86-edf8b465ee18,নাগেশ্বরী,Nageshwari,,,55,61,1,,0
389,418,2020-01-28 22:54:33,false,2020-06-03 17:44:26,d41e137e-d609-4a3e-a7b4-357fb8aeccbd,রাজারহাট,Rajarhat,,,55,77,1,,0
390,419,2020-01-28 22:54:33,false,2020-06-03 17:44:26,5cb800b6-2e0c-41fb-ac77-2c831d701428,রৌমারী,Roumari,,,55,79,1,,0
391,420,2020-01-28 22:54:33,false,2020-06-03 17:44:26,6853d017-feb3-4efb-ad41-2378e882c1cd,উলিপুর,Ulipur,,,55,94,1,,0
392,421,2020-01-28 22:54:33,false,2020-06-03 17:44:28,6d837b5f-5f3c-451f-a234-1d48a480275b,আদিতমারী,Aditmari,,,56,2,1,,0
393,422,2020-01-28 22:54:33,false,2020-06-03 17:44:28,ddebdc0e-0883-48b3-9b8f-14975e9791c6,হাতীবান্ধা,Hatibandha,,,56,33,1,,0
394,423,2020-01-28 22:54:33,false,2020-06-03 17:44:29,b1d6a5e9-d719-46bc-a8b1-486fee29039e,কালিগঞ্জ,Kaliganj,,,56,39,1,,0
395,424,2020-01-28 22:54:33,false,2020-06-03 17:44:30,a83f784e-4d78-4b70-bd70-4d9e3cae20dc,লালমনিরহাট সদর,Lalmonirhat sadar,,,56,55,1,,0
396,425,2020-01-28 22:54:33,false,2020-06-03 17:44:31,3ad02361-e2d6-4527-82a9-c3e0238a2f91,পাটগ্রাম,Patgram,,,56,70,1,,0
397,427,2020-01-28 22:54:33,false,2020-06-03 17:44:34,5a7666e4-7140-4168-9caa-18f4ffcb0662,জলঢাকা,Jaldhaka,,,57,36,1,,0
398,428,2020-01-28 22:54:33,false,2020-06-03 17:44:35,96640b14-9d68-4288-aa48-51fca3475bdd,কিশোরগঞ্জ,Kishoreganj,,,57,45,1,,0
399,429,2020-01-28 22:54:33,false,2020-06-03 17:44:36,1da31ee1-90b2-4d3a-bc0c-3f9a2e3808f4,নীলফামারী সদর,Nilphamari sadar,,,57,64,1,,0
400,431,2020-01-28 22:54:33,false,2020-06-03 17:44:32,ab17755d-67a5-47e1-aaa8-9d97240d284d,ডিমলা,Dimla,,,57,12,1,,0
401,432,2020-01-28 22:54:33,false,2020-06-03 17:44:38,ec6b30a4-e4fc-47d5-bbf4-f4962581a6ea,আটোয়ারী,Atowari,,,58,4,1,,0
402,433,2020-01-28 22:54:33,false,2020-06-03 17:44:39,ea57ccda-0d43-4025-904a-e468eec96059,বোদা,Boda,,,58,25,1,,0
403,434,2020-01-28 22:54:33,false,2020-06-03 17:44:40,fe275a6b-f1ef-457c-9445-2289eb1cd0b4,দেবীগঞ্জ,Debiganj,,,58,34,1,,0
404,435,2020-01-28 22:54:33,false,2020-06-03 17:44:40,05768578-3dc9-4e1a-93a0-801047e49e6e,পঞ্চগড় সদর,Panchagarh sadar,,,58,73,1,,0
405,436,2020-01-28 22:54:33,false,2020-06-03 17:44:42,cf34ea49-c94b-4645-b0e1-76695354f88b,তেঁতুলিয়া,Tentulia,,,58,90,1,,0
406,437,2020-01-28 22:54:33,false,2020-06-03 17:44:42,cdac5e2e-254b-4aba-8e22-0a910f6ca95e,বদরগঞ্জ,Badarganj,,,59,3,1,,0
407,438,2020-01-28 22:54:33,false,2020-06-03 17:44:44,5c7dd0a6-8b91-478f-9335-e4be86e27ea9,কাউনিয়া,Kaunia,,,59,42,1,,0
408,440,2020-01-28 22:54:33,false,2020-06-03 17:44:45,ee259305-7491-4f94-a02c-749c59665081,মিঠাপুকুর,Mithapukur,,,59,58,1,,0
409,441,2020-01-28 22:54:33,false,2020-06-03 17:44:46,b6edeac4-7033-4cc8-bab8-b14f002093a8,পীরগাছা,Pirgachha,,,59,73,1,,0
410,442,2020-01-28 22:54:33,false,2020-06-03 17:44:47,48f10556-1f40-433e-b80b-0602add0aad7,পীরগঞ্জ,Pirganj,,,59,76,1,,0
411,443,2020-01-28 22:54:33,false,2020-06-03 17:44:48,76adb844-4d4b-43d2-bce9-181faed5787f,তারাগঞ্জ,Taraganj,,,59,92,1,,0
412,445,2020-01-28 22:54:33,false,2020-06-03 17:44:51,3dadb37e-df3a-49ad-b8d1-9c0e73bf41f9,বালিয়াডাঙ্গী,Baliadangi,,,60,8,1,,0
413,446,2020-01-28 22:54:33,false,2020-06-03 17:44:51,81988aff-c291-4f1c-ae8d-3b7951b4af63,হরিপুর,Haripur,,,60,51,1,,0
414,447,2020-01-28 22:54:33,false,2020-06-03 17:44:52,80d37cef-b2f4-44b8-b183-10721c5e6fd8,পীরগঞ্জ,Pirganj,,,60,82,1,,0
415,449,2020-01-28 22:54:33,false,2020-06-03 17:44:54,b55f4871-3ba0-4604-b428-7835db3332f1,ঠাকুরগাঁও সদর,Thakurgaon sadar,,,60,94,1,,0
416,450,2020-01-28 22:54:33,false,2020-06-03 17:44:56,aa28573d-ba2a-42e5-aaab-efbbb7f7f13c,আজমিরীগঞ্জ,Ajmiriganj,,,61,2,1,,0
417,451,2020-01-28 22:54:33,false,2020-06-03 17:44:57,90f9c1b5-dfaf-406c-ab0d-eda761564473,বাহুবল,Bahubal,,,61,5,1,,0
418,452,2020-01-28 22:54:33,false,2020-06-03 17:44:58,bb5a1342-a625-4c46-982c-45c311304a6c,বানিয়াচং,Baniachong,,,61,11,1,,0
419,453,2020-01-28 22:54:33,false,2020-06-03 17:44:58,d92f13cc-c002-4ac5-b02d-4288759659b9,চুনারুঘাট,Chunarughat,,,61,26,1,,0
420,454,2020-01-28 22:54:33,false,2020-06-03 17:45:00,c7071ff9-1b9a-4da5-b4a7-c86c0f64b71f,হবিগঞ্জ সদর,Habiganj sadar,,,61,44,1,,0
421,455,2020-01-28 22:54:33,false,2020-06-03 17:45:01,44101d6d-c147-46e0-b6c9-aa54ce8f26df,লাখাই,Lakhai,,,61,68,1,,0
422,456,2020-01-28 22:54:33,false,2020-06-03 17:45:01,3f104c2f-b964-4a67-971f-5906f8f7a484,মাধবপুর,Madhabpur,,,61,71,1,,0
423,457,2020-01-28 22:54:33,false,2020-06-03 17:45:03,31a0cfa9-67c2-4cdf-b068-0a550fcfdcb5,নবীগঞ্জ,Nabiganj,,,61,77,1,,0
424,458,2020-01-28 22:54:33,false,2020-06-03 17:45:05,6ffcd4a9-fd39-4e78-a8bc-613fedcf20ef,বড়লেখা,Baralekha,,,62,14,1,,0
425,459,2020-01-28 22:54:33,false,2020-06-03 17:45:06,93874344-e230-4821-b157-05b71e57f489,জুড়ী,Juri,,,62,35,1,,0
426,460,2020-01-28 22:54:33,false,2020-06-03 17:45:06,fcddf0ca-867c-4893-b9e9-cc26ba3a5b63,কমলগঞ্জ,Kamalganj,,,62,56,1,,0
427,461,2020-01-28 22:54:33,false,2020-06-03 17:45:08,0fb98740-4361-44ef-aa81-c13f099fb29e,কুলাউড়া,Kulaura,,,62,65,1,,0
428,462,2020-01-28 22:54:33,false,2020-06-03 17:45:09,66c8aacc-b394-4f8c-904f-bcd9f33416dd,মৌলভীবাজার সদর,Moulvibazar sadar,,,62,74,1,,0
429,463,2020-01-28 22:54:33,false,2020-06-03 17:45:11,0bce9a7c-9994-4fbe-b9a0-3ad3a9d94ee8,রাজনগর,Rajnagar,,,62,80,1,,0
430,464,2020-01-28 22:54:33,false,2020-06-03 17:45:11,d67bf126-ffd4-48a2-a1b0-cea264ffb9d3,শ্রীমঙ্গল,Sreemangal,,,62,83,1,,0
431,465,2020-01-28 22:54:33,false,2020-06-03 17:45:13,f9f2ad47-5196-4490-b309-60d7998b049c,বিশ্বম্ভরপুর,Bishwambharpur,,,63,18,1,,0
432,466,2020-01-28 22:54:33,false,2020-06-03 17:45:13,ccc2ca50-881d-4eed-9265-ac5d7d9de1fb,ছাতক,Chhatak,,,63,23,1,,0
433,467,2020-01-28 22:54:33,false,2020-06-03 17:45:15,a1b60246-52f9-466d-a189-d78237f624f7,দিরাই,Derai,,,63,29,1,,0
434,468,2020-01-28 22:54:33,false,2020-06-03 17:45:16,88c7dfc1-79ce-4d02-b24e-7ad6f362960e,ধর্মপাশা,Dharmapasha,,,63,32,1,,0
435,469,2020-01-28 22:54:33,false,2020-06-03 17:45:16,6082b1a7-e975-4e31-8bc4-237bbd8520b5,দোয়ারাবাজার,Dowarabazar,,,63,33,1,,0
436,470,2020-01-28 22:54:33,false,2020-06-03 17:45:17,ec825e29-9a43-449b-997b-9a4113076ab1,জগন্নাথপুর,Jagannathpur,,,63,47,1,,0
437,471,2020-01-28 22:54:33,false,2020-06-03 17:45:18,b187105e-ff15-40f3-9fc8-371cab338e16,জামালগঞ্জ,Jamalganj,,,63,50,1,,0
438,472,2020-01-28 22:54:33,false,2020-06-03 17:45:18,9f0967d6-731b-4a23-a2f4-ad4b95746baf,শাল্লা,Shalla,,,63,86,1,,0
439,473,2020-01-28 22:54:33,false,2020-06-03 17:45:19,aeef8cb7-1f00-4455-8be2-bea7fc162943,সুনামগঞ্জ সদর,Sunamganj sadar,,,63,89,1,,0
440,474,2020-01-28 22:54:33,false,2020-06-03 17:45:20,cdc59885-7b10-46b1-b2b6-837ade6f5906,তাহিরপুর,Tahirpur,,,63,92,1,,0
441,476,2020-01-28 22:54:33,false,2020-06-03 17:45:20,746333aa-6bb7-474d-94bf-9271399d04fb,বালাগঞ্জ,Balaganj,,,64,8,1,,0
442,477,2020-01-28 22:54:33,false,2020-06-03 17:45:21,f20c41e4-79e1-4737-9f23-9e2a55864ffc,বিয়ানীবাজার,Beanibazar,,,64,17,1,,0
443,478,2020-01-28 22:54:33,false,2020-06-03 17:45:22,2d2d6d9c-bdb8-4c77-b925-0c0337af50a4,বিশ্বনাথ,Bishwanath,,,64,20,1,,0
444,479,2020-01-28 22:54:33,false,2020-06-03 17:45:22,bbcb83b7-1b8f-439f-80e6-0aed3f867668,কোম্পানিগঞ্জ,Companiganj,,,64,27,1,,0
445,480,2020-01-28 22:54:33,false,2020-06-03 17:45:23,57c76ede-a4ad-4229-8819-bfee0caf9b93,দক্ষিণ সুরমা,Dakkhin surma,,,64,31,1,,0
446,481,2020-01-28 22:54:33,false,2020-06-03 17:45:23,adc8be8c-65dd-46bc-8a38-27ca10e970d6,ফেঞ্চুগঞ্জ,Fenchuganj,,,64,35,1,,0
447,482,2020-01-28 22:54:33,false,2020-06-03 17:45:24,29296033-b409-408d-b280-04a00c7e293c,গোলাপগঞ্জ,Golapganj,,,64,38,1,,0
448,483,2020-01-28 22:54:33,false,2020-06-03 17:45:25,c566f010-93c1-4974-bb7e-c72efb0a33c4,গোয়াইনঘাট,Gowainghat,,,64,41,1,,0
449,484,2020-01-28 22:54:33,false,2020-06-03 17:45:25,ddc17275-890c-47c8-985d-59615585061d,জৈন্তাপুর,Jaintapur,,,64,53,1,,0
450,485,2020-01-28 22:54:33,false,2020-06-03 17:45:26,5ad9c85d-889a-4c66-88a3-f1fe36c3be12,কানাইঘাট,Kanaighat,,,64,59,1,,0
451,487,2020-01-28 22:54:33,false,2020-06-03 17:45:28,3a972431-8650-46b4-a82b-e07827bfff08,জকিগঞ্জ,Zakiganj,,,64,94,1,,0
452,488,2020-01-28 22:54:33,false,2020-06-03 17:45:27,12111b2d-bda2-46c8-8408-cfac85a94f1f,ওসমানীনগর,Osmaninagar,,,64,60,1,,0
453,489,2020-01-28 22:54:33,false,2020-06-03 17:45:04,feca51ea-8654-4945-9059-f1f818ef1b16,শায়েস্তাগঞ্জ,Shayestaganj,,,61,87,1,,0
454,491,2020-01-28 22:54:33,false,2020-06-03 17:42:30,d4040f97-5558-48fe-a668-d1283f838b4a,ক্ষেতলাল,Khetlal,,,46,61,1,,0
455,492,2020-01-28 22:54:34,false,2020-06-03 17:32:50,fced902f-521d-4123-9848-a38517acfa2a,চরফ্যাশন,Charfasson,,,3,25,1,,0
456,493,2020-04-10 17:34:55,false,2020-06-03 17:38:24,string,বাগেরহাট সদর,Bagerhat sadar,3,3,35,8,1,,0
457,494,2020-04-13 05:54:23,false,2020-06-03 17:32:57,4955208a-9c8e-46da-9e77-1c475a8fc9c1,রাজাপুর,Rajapur,,,4,84,1,,0
458,495,2020-04-13 05:54:23,false,2020-06-03 17:33:00,5f8ef88d-ea42-46fd-8d77-644f03339f3b,গলাচিপা,Galachipa,,,5,57,1,,0
459,504,2020-04-13 10:22:15,false,2020-06-03 17:42:32,419c25c1-7e58-4379-b7d0-8dc0668e14a1,পাঁচবিবি,Panchbibi,,,46,74,1,,0
460,507,2020-04-13 12:56:39,false,2020-06-03 17:41:40,01802e15-e62a-44f5-b23d-5606249596d5,পূর্বধলা,Purbadhala,,,30,83,1,,0
461,510,2020-04-13 16:17:36,false,2020-06-03 17:34:50,b0bff84d-7c3d-4ec0-ac8b-8a198f054cad,কবিরহাট,Kabirhat,,,16,47,1,,0
462,511,2020-04-17 23:14:03,false,2020-06-03 17:43:02,b83e2eb4-4e41-40d7-ae9d-2c55f4899b78,নলডাঙ্গা,Naldanga,,,48,55,1,,0
463,563,2020-06-03 17:32:38,false,2020-06-03 17:32:38,ad045dd2-d962-4f8e-ba71-e1a39262e5dd,বানারিপাড়া,Banaripara,,,2,10,1,,0
464,564,2020-06-03 17:32:45,false,2020-06-03 17:32:45,2c2c73a9-09d2-4d8d-8745-d1b36c8278bc,বরিশাল সদর,Barishal sadar (kotwali),,,2,51,1,1,0
465,565,2020-06-03 17:33:10,false,2020-06-03 17:33:10,88fe6647-5788-4f38-a064-64d1e887b638,নেছারাবাদ (স্বরুপকাঠি),Nesarabad (swarupkathi),,,6,87,1,,0
466,566,2020-06-03 17:33:43,false,2020-06-03 17:33:43,2ff5a636-e2b9-4712-81d7-2b12e7f130ff,কর্ণফুলী,Karnaphuli,,,10,39,1,,0
467,567,2020-06-03 17:33:55,false,2020-06-03 17:33:55,20a673a8-d7ff-4748-ad0b-b1b2a2da6990,আকবরশাহ,Akbarshah,,,10,2,1,2,0
468,568,2020-06-03 17:33:56,false,2020-06-03 17:33:56,0e64b4b5-dd91-4091-afaa-03ce0b25cc69,বায়েজিদ বোস্তামী,Bayejid bostami,,,10,6,1,2,0
469,569,2020-06-03 17:33:56,false,2020-06-03 17:33:56,849018ae-7298-4fc1-849c-e74f6d6ddab9,বাকলিয়া,Bakalia,,,10,10,1,2,0
470,570,2020-06-03 17:33:56,false,2020-06-03 17:33:56,a8e2c159-744f-48f2-9f82-e189dd729843,চক বাজার,Chalk bazar,,,10,16,1,2,0
471,571,2020-06-03 17:33:56,false,2020-06-03 17:33:56,031ded68-5c44-4fce-b904-de17117157d3,চান্দগাঁও,Chandgaon,,,10,19,1,2,0
472,572,2020-06-03 17:33:56,false,2020-06-03 17:33:56,27c2d9d6-4d45-4452-a8a2-a6ac7476c2aa,চট্টগ্রাম পোর্ট,Chittagong port,,,10,20,1,2,0
473,573,2020-06-03 17:33:56,false,2020-06-03 17:33:56,824e4aa3-7d8d-4589-9fc7-83ae82e336f4,ডবলমুরিং,Doublemooring,,,10,28,1,2,0
474,574,2020-06-03 17:33:57,false,2020-06-03 17:33:57,96a21357-eb7e-4e7d-a765-82a39171cf03,ইপিজেড,Epz,,,10,31,1,2,0
475,575,2020-06-03 17:33:57,false,2020-06-03 17:33:57,47f39942-5ab1-443b-9b41-9547dc9b4bb2,হালিশহর,Halishahar,,,10,35,1,2,0
476,576,2020-06-03 17:33:57,false,2020-06-03 17:33:57,0d409876-66e5-470a-aa2f-3e9a5cb4a47f,কোতোয়ালী,Kotwali,,,10,41,1,2,0
477,577,2020-06-03 17:33:58,false,2020-06-03 17:33:58,8648218d-2689-4ee2-99cd-ede0e2629413,খুলশী,Khulshi,,,10,43,1,2,0
478,578,2020-06-03 17:33:58,false,2020-06-03 17:33:58,3a13497a-cf26-4810-be8b-8eaa87becb0d,পাহাড়তলী,Pahartali,,,10,55,1,2,0
479,579,2020-06-03 17:33:58,false,2020-06-03 17:33:58,30923537-f4e0-4f44-ae3d-30b8240a6d32,পাঁচলাইশ,Panchlaish,,,10,57,1,2,0
480,580,2020-06-03 17:33:58,false,2020-06-03 17:33:58,38b16a94-e101-4f10-98dd-558b9f4b301e,পতেঙ্গা,Patenga,,,10,65,1,2,0
481,581,2020-06-03 17:33:58,false,2020-06-03 17:33:58,8f8f1945-f95a-4e57-9f60-005dead63f0e,সদরঘাট,Sadarghat,,,10,77,1,2,0
482,584,2020-06-03 17:34:11,false,2020-06-03 17:34:11,2da5b727-9625-421d-8642-b05d3a0d896c,লালমাই,Lalmai,,,11,73,1,,0
483,585,2020-06-03 17:34:16,false,2020-06-03 17:34:16,7f42ce5e-4a6d-4b94-926b-c8ae3dc76d3a,কুমিল্লা সদর দক্ষিণ,Cumilla sadar dakshin,,,11,33,1,3,0
484,586,2020-06-03 17:34:17,false,2020-06-03 17:34:17,96b72244-edf9-49cc-b753-6c17def644bb,কুমিল্লা আদর্শ সদর,Cumilla adarsha sadar,,,11,67,1,3,0
485,587,2020-06-03 17:34:32,false,2020-06-03 17:34:32,35dd8344-ab9c-487c-a6f1-88190a0e6d1d,গুইমারা,Guimara,,,14,47,1,,0
486,588,2020-06-03 17:34:33,false,2020-06-03 17:34:33,7051459c-08f4-4005-8c04-b4e37aa74b93,লক্ষ্মীছড়ি,Lakkhichhari,,,14,61,1,,0
487,589,2020-06-03 17:34:54,false,2020-06-03 17:34:54,7cc0e2f4-8311-41a5-8357-938bbafc5b16,নোয়াখালী সদর,Noakhali sadar,,,16,87,1,,0
488,590,2020-06-03 17:35:08,false,2020-06-03 17:35:08,45ef1dec-1fb1-48c7-bba9-ea1c1fbd22b5,খিলগাঁও,Khilgaon,,,18,36,1,4,0
489,591,2020-06-03 17:35:09,false,2020-06-03 17:35:09,48c9a6da-26fb-4749-9eff-f5bc391762a6,সবুজবাগ,Sabujbagh,,,18,68,1,4,0
490,592,2020-06-03 17:35:09,false,2020-06-03 17:35:09,4e64d468-4398-4e67-9530-cb53d6689741,মুগদা পাড়া,Mugda para,,,18,57,1,4,0
491,593,2020-06-03 17:35:10,false,2020-06-03 17:35:10,cbe93bcd-cf10-4908-b05a-9c9d14751b86,শাহ্‌জাহানপুর,Shahjahanpur,,,18,73,1,4,0
492,594,2020-06-03 17:35:10,false,2020-06-03 17:35:10,94d408bb-5bc6-4d37-9d67-7cfc9643e3f5,মতিঝিল,Motijheel,,,18,54,1,4,0
493,595,2020-06-03 17:35:10,false,2020-06-03 17:35:10,99042cd1-6c79-4fc1-b7cb-28d3a38d2366,পল্টন,Paltan,,,18,65,1,4,0
494,596,2020-06-03 17:35:11,false,2020-06-03 17:35:11,4996aa7c-143e-4d66-b17e-e5256babfda0,হাজারীবাগ,Hazaribagh,,,18,28,1,4,0
495,597,2020-06-03 17:35:11,false,2020-06-03 17:35:11,ef988858-9245-447d-9653-9d356eae731e,ধানমন্ডি,Dhanmondi,,,18,16,1,4,0
496,598,2020-06-03 17:35:12,false,2020-06-03 17:35:12,6a619568-2c11-4db6-8327-cee9ecfc30ed,কলাবাগান,Kolabagan,,,18,33,1,4,0
497,599,2020-06-03 17:35:12,false,2020-06-03 17:35:12,f7ac1781-f16a-4944-b78a-6eaf1f48bb57,শের-ই-বাংলা নগর,Sher-e-bangla nagar,,,18,80,1,4,0
498,600,2020-06-03 17:35:12,false,2020-06-03 17:35:12,6f76568f-3af7-4edd-86e5-7598ab2d9298,নিউ মার্কেট,New market,,,18,63,1,4,0
499,601,2020-06-03 17:35:13,false,2020-06-03 17:35:13,2c17957b-7f4f-44ef-9b15-6b8156c1fa6f,রমনা,Ramna,,,18,66,1,4,0
500,602,2020-06-03 17:35:13,false,2020-06-03 17:35:13,c1c700f5-28ce-4539-b6a7-993617d4fc7a,শাহবাগ,Shahbagh,,,18,75,1,4,0
501,603,2020-06-03 17:35:13,false,2020-06-03 17:35:13,a612c5ee-e455-41bb-aa1a-4fd2290f69f8,লালবাগ,Lalbagh,,,18,42,1,4,0
502,604,2020-06-03 17:35:14,false,2020-06-03 17:35:14,da6c6083-4fb1-4d0b-bccd-76e48f773766,চক বাজার,Chawk bazar,,,18,9,1,4,0
503,605,2020-06-03 17:35:15,false,2020-06-03 17:35:15,8f0d0608-9f12-468c-9489-ac0a0e3a1544,বংশাল,Bangshal,,,18,5,1,4,0
504,606,2020-06-03 17:35:16,false,2020-06-03 17:35:16,4b6bdf7e-a901-48b0-8149-e4a46ccb3dca,কোতয়ালী,Kotwali,,,18,40,1,4,0
505,607,2020-06-03 17:35:17,false,2020-06-03 17:35:17,1cf01e77-123d-405d-a01d-1162fd3f4eb0,ওয়ারী,Wari,,,18,98,1,4,0
506,608,2020-06-03 17:35:18,false,2020-06-03 17:35:18,82d797c1-d146-47e0-abfc-c186dda7ec81,গেন্ডারিয়া,Gendariya,,,18,24,1,4,0
507,609,2020-06-03 17:35:18,false,2020-06-03 17:35:18,a4b3d0db-4f61-401d-a561-55360ccd10f5,সূত্রাপুর,Sutrapur,,,18,88,1,4,0
508,610,2020-06-03 17:35:19,false,2020-06-03 17:35:19,e93cc77e-9da3-4c24-bb4d-fa0b4e2d726c,শ্যামপুর,Shympur,,,18,76,1,4,0
509,611,2020-06-03 17:35:20,false,2020-06-03 17:35:20,a7c0abcd-49d9-4302-b06d-24a8ca490af5,যাত্রাবাড়ি,Jatrabari,,,18,29,1,4,0
510,612,2020-06-03 17:35:20,false,2020-06-03 17:35:25,ada179d2-5315-4d70-a0f8-3b7e43732576,কদমতলী,Kadamtali,,,18,32,1,4,0
511,613,2020-06-03 17:35:22,false,2020-06-03 17:35:22,a5a26c2d-114d-43f4-b1eb-ff489f246d7a,কামরাঙ্গির চর,Kamrangir char,,,18,34,1,4,0
512,614,2020-06-03 17:35:24,false,2020-06-03 17:35:24,56c9ae9c-0521-43b3-92ed-0b6e81a60231,ডেমরা,Demra,,,18,12,1,4,0
513,615,2020-06-03 17:35:27,false,2020-06-03 17:35:27,fbfde1d2-8613-4314-b840-dc22edfe9ab6,বিমান বন্দর,Biman bandar,,,18,6,1,5,0
514,616,2020-06-03 17:35:28,false,2020-06-03 17:35:28,056de80c-5cd8-48e4-b1c3-e33d5b2e5215,উত্তরা পশ্চিম,Uttara paschim,,,18,94,1,5,0
515,617,2020-06-03 17:35:28,false,2020-06-03 17:35:28,a9bd727e-b753-42ce-a00a-929460777732,উত্তরা পূর্ব,Uttara purbo,,,18,95,1,5,0
516,618,2020-06-03 17:35:28,false,2020-06-03 17:35:28,4c4f5db4-6aa9-405c-85e6-db2836511cc3,পল্লবী,Pallabi,,,18,64,1,5,0
517,619,2020-06-03 17:35:28,false,2020-06-03 17:35:28,37328e4e-9e56-4eef-926d-06415e7f5a4d,রূপনগর,Rupnagar,,,18,70,1,5,0
518,620,2020-06-03 17:35:29,false,2020-06-03 17:35:29,1305581a-7eab-453c-859f-b5cde1cfcd8c,মিরপুর,Mirpur,,,18,48,1,5,0
519,621,2020-06-03 17:35:29,false,2020-06-03 17:35:29,efbf86c5-53c2-4c89-8821-6ca39a46b74e,ভাষান টেক,Vashantek,,,18,21,1,5,0
520,622,2020-06-03 17:35:29,false,2020-06-03 17:35:29,238f7ec4-4d01-4ab7-bf53-b0058ca843a0,কাফরুল,Kafrul,,,18,30,1,5,0
521,623,2020-06-03 17:35:30,false,2020-06-03 17:35:30,c74dbc71-c276-458f-b92c-dfd4c2f9f309,শাহ আলী,Shah ali,,,18,74,1,5,0
522,624,2020-06-03 17:35:31,false,2020-06-03 17:35:31,75ee592d-fe6b-4058-9647-525c8ebb8e3d,দারুস সালাম,Darus salam,,,18,11,1,5,0
523,625,2020-06-03 17:35:33,false,2020-06-03 17:35:33,596f64e8-2fec-4f1a-8de4-628819d941e9,ক্যান্টনমেন্ট,Cantonment,,,18,8,1,5,0
524,627,2020-06-03 17:35:34,false,2020-06-03 17:35:34,5c3e3afa-071c-4864-8d4c-00d2e6d279e2,বাড্ডা,Badda,,,18,4,1,5,0
525,628,2020-06-03 17:35:34,false,2020-06-03 17:35:34,cd27a04d-b65f-4c4d-b884-49da6d43af26,ভাটারা,Vatara,,,18,22,1,5,0
526,629,2020-06-03 17:35:34,false,2020-06-03 17:35:34,a6aa6d74-a9b9-4c5d-948b-87c1085e5f72,খিলক্ষেত,Khilkhet,,,18,37,1,5,0
527,630,2020-06-03 17:35:35,false,2020-06-03 17:35:35,dbf9aa84-9bb1-4ef7-8c2b-6cd9af4bda4d,বনানী,Banani,,,18,7,1,5,0
528,631,2020-06-03 17:35:35,false,2020-06-03 17:35:35,f787e3c8-8fe9-4789-b5f6-82a1848bae66,গুলশান,Gulshan,,,18,26,1,5,0
529,632,2020-06-03 17:35:35,false,2020-06-03 17:35:35,bfdcb1bc-324e-43e6-85e3-a3c038fe2e1e,রামপুরা,Rampura,,,18,67,1,5,0
530,633,2020-06-03 17:35:35,false,2020-06-03 17:35:35,11609421-9e01-43a8-a459-2469c5efae96,তেজগাঁও শিল্প এলাকা,Tejgaon ind. area,,,18,92,1,5,0
531,634,2020-06-03 17:35:35,false,2020-06-03 17:35:35,293ae272-7b9b-4e6e-adfe-72a9ca19b736,তেজগাঁও,Tejgaon,,,18,90,1,5,0
532,635,2020-06-03 17:35:36,false,2020-06-03 17:35:36,1b68cbcb-6508-4045-9b84-9164eeb34114,মোহাম্মদপুর,Mohammadpur,,,18,50,1,5,0
533,636,2020-06-03 17:35:36,false,2020-06-03 17:35:36,92de538b-337a-44e4-87ed-11fbe76665f9,আদাবর,Adabor,,,18,2,1,5,0
534,638,2020-06-03 17:35:37,false,2020-06-03 17:35:37,53df0edd-c79f-4de3-ac53-8d8e9712e9cd,উত্তরখান,Uttarkhan,,,18,96,1,5,0
535,639,2020-06-03 17:35:37,false,2020-06-03 17:35:37,38c16f29-b295-418d-81f4-76b27835e2d3,দক্ষিণখান,Dakshinkhan,,,18,10,1,5,0
536,640,2020-06-03 17:35:38,false,2020-06-29 12:22:14,a807c761-18a6-42e5-8e96-58c06e9ea7e2,তুরাগ,Turag,,,18,93,1,5,0
537,641,2020-06-03 17:36:01,false,2020-06-03 17:36:01,243b6c0b-0195-490b-afb9-26463e333f53,টঙ্গী,Tongi,,,20,20,1,6,0
538,642,2020-06-03 17:36:02,false,2020-06-03 17:36:02,f103e54b-042b-4b8a-b25a-a50fa5453e84,জয়দেবপুর,Joydebpur,,,20,99,1,6,0
539,643,2020-06-03 17:37:18,false,2020-06-03 17:37:18,b4782cdb-d5da-42a3-a6ad-0578e8ec7b74,বন্দর,Bandar,,,28,6,1,7,0
540,644,2020-06-03 17:37:19,false,2020-06-03 17:37:19,7c88034c-7821-48cd-9382-0822cf265432,নারায়নগঞ্জ সদর,Narayanganj sadar,,,28,58,1,7,0
541,645,2020-06-03 17:37:25,false,2020-06-03 17:37:25,280c245b-63d0-4aa6-abfa-6695e378909f,নরসিংদী সদর,Narsingdi sadar,,,29,60,1,,0
542,646,2020-06-03 17:37:59,false,2020-06-03 17:37:59,2bb61683-8a21-4ecb-8256-77065fedc847,ভূঞাপুর,Bhuanpur,,,34,19,1,,0
543,647,2020-06-03 17:38:30,false,2020-06-03 17:38:30,dba7d0c3-4f1f-4266-bcbe-966a0d6ec9a4,মোরেলগঞ্জ,Morelganj,,,35,60,1,,0
544,648,2020-06-03 17:39:31,false,2020-06-03 17:39:31,effbf411-da0e-4884-900d-b3d8a24d48c9,হরিণাকুণ্ডু,Harinakundu,,,38,14,1,,0
545,649,2020-06-03 17:39:50,false,2020-06-03 17:39:50,93658e77-2ae9-4570-bceb-00cbd224360e,দীঘলিয়া,Dighalia,,,39,40,1,,0
546,650,2020-06-03 17:39:57,false,2020-06-03 17:39:57,63394417-beae-49d5-a88e-6d9fb3051c03,দৌলতপুর,Daulatpur,,,39,21,1,8,0
547,651,2020-06-03 17:39:58,false,2020-06-03 17:39:58,0c68bae0-47ff-4a4b-9ca8-2c04dd133529,খালিশপুর,Khalishpur,,,39,45,1,8,0
548,652,2020-06-03 17:39:59,false,2020-06-03 17:39:59,aec1ab39-6694-4f96-b19f-ca568ce158b7,খান জাহান আলী,Khan jahan ali,,,39,48,1,8,0
549,653,2020-06-03 17:39:59,false,2020-06-03 17:39:59,88a55fbf-bf3e-4101-82a0-d8360384d8d9,খুলনা সদর,Khulna sadar,,,39,51,1,8,0
550,654,2020-06-03 17:40:00,false,2020-06-03 17:40:00,9f79fcb3-9cac-41af-aa30-80f21084e987,সোনাডাঙ্গা,Sonadanga,,,39,85,1,8,0
551,655,2020-06-03 17:41:39,false,2020-06-03 17:41:39,cc49d31e-a6f4-4e04-a02b-7fc0e2651c62,নেত্রকোনা সদর,Netrakona sadar,,,30,74,1,,0
552,656,2020-06-03 17:41:56,false,2020-06-03 17:41:56,4de1a663-fe17-40c3-aeb5-8faefacadb68,বগুড়া সদর,Bogura sadar,,,45,20,1,,0
553,657,2020-06-03 17:43:13,false,2020-06-03 17:43:13,e9e440f2-f6b8-4d34-bfe8-9ada9afec5cb,চাঁপাইনবাবগঞ্জ সদর,Chapainawabganj sadar,,,49,66,1,,0
554,658,2020-06-03 17:43:48,false,2020-06-03 17:43:48,cda2f409-4fc7-498c-ac20-264727e82f64,বোয়ালিয়া,Boalia,,,51,22,1,9,0
555,659,2020-06-03 17:43:49,false,2020-06-03 17:43:49,02f921bd-e591-4d4c-a422-a06a26a1d3fe,মতিহার,Matihar,,,51,40,1,9,0
556,660,2020-06-03 17:43:50,false,2020-06-03 17:43:50,7236a8cb-ff6f-4308-bd04-d550bae7830a,রাজপাড়া,Rajpara,,,51,85,1,9,0
557,661,2020-06-03 17:43:51,false,2020-06-03 17:43:51,8213c849-a726-47fa-b349-cc49af69915f,শাহ্‌ মখদুম,Shah makhdum,,,51,90,1,9,0
558,662,2020-06-03 17:43:52,false,2020-06-03 17:43:52,9c1c3f9d-ed8d-43a2-b3a8-a72801d1866e,চৌহালী,Chouhali,,,52,27,1,,0
559,663,2020-06-03 17:43:54,false,2020-06-03 17:43:54,e7f82c5b-aec0-4114-b409-4711232d55db,রায়গঞ্জ,Rayganj,,,52,61,1,,0
560,664,2020-06-03 17:44:00,false,2020-06-03 17:44:00,1dd0d35e-dca7-40d0-98dd-6ce7660fece3,উল্লাপাড়া,Ullapara,,,52,94,1,,0
561,665,2020-06-03 17:44:32,false,2020-06-03 17:44:32,3bf4131b-c197-427c-b014-2f1374a0d928,ডোমার,Domar,,,57,15,1,,0
562,666,2020-06-03 17:44:37,false,2020-06-03 17:44:37,09c59d53-c78b-4773-a624-dc664dd43a3c,সৈয়দপুর,Saidpur,,,57,85,1,,0
563,667,2020-06-03 17:44:43,false,2020-06-03 17:44:43,2e735d0c-85ec-4ae1-b55a-d3a8e94498fa,গংগাচড়া,Gangachara,,,59,27,1,,0
564,668,2020-06-03 17:44:48,false,2020-06-03 17:44:48,dcc5b168-8060-404c-8d1e-fcc2ea875264,রংপুর সদর,Rangpur sadar,,,59,49,1,10,0
565,669,2020-06-03 17:44:53,false,2020-06-03 17:44:53,818318dd-48a5-4572-baab-d97e8cdf7503,রানীশংকৈল,Ranishankail,,,60,86,1,,0
566,670,2020-06-03 17:45:14,false,2020-06-03 17:45:14,90d4bafa-26af-4367-bb58-43dd87fa431f,দক্ষিণ সুনামগঞ্জ,Dakkhin sunamganj,,,63,27,1,,0
567,671,2020-06-03 17:45:29,false,2020-06-03 17:45:29,e0f92867-28c5-48af-a86b-6f6e5a439a90,সিলেট সদর,Sylhet sadar,,,64,62,1,11,0
